<?xml version="1.0" encoding="UTF-8" standalone="yes"?>
<?mso-application progid="Word.Document"?>
<pkg:package xmlns:pkg="http://schemas.microsoft.com/office/2006/xmlPackage"><pkg:part pkg:name="/_rels/.rels" pkg:contentType="application/vnd.openxmlformats-package.relationships+xml" pkg:padding="512"><pkg:xmlData><Relationships xmlns="http://schemas.openxmlformats.org/package/2006/relationships"><Relationship Id="rId3" Type="http://schemas.openxmlformats.org/officeDocument/2006/relationships/extended-properties" Target="docProps/app.xml"/><Relationship Id="rId2" Type="http://schemas.openxmlformats.org/package/2006/relationships/metadata/core-properties" Target="docProps/core.xml"/><Relationship Id="rId1" Type="http://schemas.openxmlformats.org/officeDocument/2006/relationships/officeDocument" Target="word/document.xml"/></Relationships></pkg:xmlData></pkg:part><pkg:part pkg:name="/word/_rels/document.xml.rels" pkg:contentType="application/vnd.openxmlformats-package.relationships+xml" pkg:padding="256"><pkg:xmlData><Relationships xmlns="http://schemas.openxmlformats.org/package/2006/relationships"><Relationship Id="rId8" Type="http://schemas.openxmlformats.org/officeDocument/2006/relationships/fontTable" Target="fontTable.xml"/><Relationship Id="rId3" Type="http://schemas.openxmlformats.org/officeDocument/2006/relationships/settings" Target="settings.xml"/><Relationship Id="rId7" Type="http://schemas.openxmlformats.org/officeDocument/2006/relationships/header" Target="header1.xml"/><Relationship Id="rId2" Type="http://schemas.openxmlformats.org/officeDocument/2006/relationships/styles" Target="styles.xml"/><Relationship Id="rId1" Type="http://schemas.openxmlformats.org/officeDocument/2006/relationships/numbering" Target="numbering.xml"/><Relationship Id="rId6" Type="http://schemas.openxmlformats.org/officeDocument/2006/relationships/endnotes" Target="endnotes.xml"/><Relationship Id="rId5" Type="http://schemas.openxmlformats.org/officeDocument/2006/relationships/footnotes" Target="footnotes.xml"/><Relationship Id="rId4" Type="http://schemas.openxmlformats.org/officeDocument/2006/relationships/webSettings" Target="webSettings.xml"/><Relationship Id="rId9" Type="http://schemas.openxmlformats.org/officeDocument/2006/relationships/theme" Target="theme/theme1.xml"/></Relationships></pkg:xmlData></pkg:part><pkg:part pkg:name="/word/document.xml" pkg:contentType="application/vnd.openxmlformats-officedocument.wordprocessingml.document.main+xml"><pkg:xmlData><w:document xmlns:ve="http://schemas.openxmlformats.org/markup-compatibility/2006" xmlns:o="urn:schemas-microsoft-com:office:office" xmlns:r="http://schemas.openxmlformats.org/officeDocument/2006/relationships" xmlns:m="http://schemas.openxmlformats.org/officeDocument/2006/math" xmlns:v="urn:schemas-microsoft-com:vml" xmlns:wp="http://schemas.openxmlformats.org/drawingml/2006/wordprocessingDrawing" xmlns:w10="urn:schemas-microsoft-com:office:word" xmlns:w="http://schemas.openxmlformats.org/wordprocessingml/2006/main" xmlns:wne="http://schemas.microsoft.com/office/word/2006/wordml"><w:body><w:p w:rsidR="00AB3822" w:rsidRDefault="00073ADD"><w:pPr><w:spacing w:after="0"/><w:jc w:val="center"/></w:pPr><w:r><w:rPr><w:b/><w:bCs/><w:sz w:val="24"/><w:szCs w:val="24"/></w:rPr><w:t>СОГЛАШЕНИЕ№</w:t></w:r><w:r><w:rPr><w:b/><w:bCs/><w:sz w:val="22"/><w:szCs w:val="22"/></w:rPr><w:t>{#contract.number#}</w:t></w:r></w:p><w:p w:rsidR="00AB3822" w:rsidRDefault="00073ADD"><w:pPr><w:jc w:val="center"/></w:pPr><w:r><w:rPr><w:b/><w:bCs/><w:sz w:val="24"/><w:szCs w:val="24"/><w:lang w:val="ru-RU"/></w:rPr><w:t>об</w:t></w:r><w:r><w:rPr><w:b/><w:bCs/><w:sz w:val="24"/><w:szCs w:val="24"/></w:rPr><w:t xml:space="preserve"> </w:t></w:r><w:r><w:rPr><w:b/><w:bCs/><w:sz w:val="24"/><w:szCs w:val="24"/><w:lang w:val="ru-RU"/></w:rPr><w:t>изменении</w:t></w:r><w:r><w:rPr><w:b/><w:bCs/><w:sz w:val="24"/><w:szCs w:val="24"/></w:rPr><w:t xml:space="preserve"> и </w:t></w:r><w:r><w:rPr><w:b/><w:bCs/><w:sz w:val="24"/><w:szCs w:val="24"/><w:lang w:val="ru-RU"/></w:rPr><w:t>дополнении</w:t></w:r><w:r><w:rPr><w:b/><w:bCs/><w:sz w:val="24"/><w:szCs w:val="24"/></w:rPr><w:t xml:space="preserve"> </w:t></w:r><w:r><w:rPr><w:b/><w:bCs/><w:sz w:val="24"/><w:szCs w:val="24"/><w:lang w:val="ru-RU"/></w:rPr><w:t>договора</w:t></w:r><w:r><w:rPr><w:b/><w:bCs/><w:sz w:val="24"/><w:szCs w:val="24"/></w:rPr><w:t xml:space="preserve"> </w:t></w:r><w:r><w:rPr><w:b/><w:bCs/><w:sz w:val="24"/><w:szCs w:val="24"/><w:lang w:val="ru-RU"/></w:rPr><w:t>поставки</w:t></w:r><w:r><w:rPr><w:b/><w:bCs/><w:sz w:val="24"/><w:szCs w:val="24"/></w:rPr><w:t xml:space="preserve"> №</w:t></w:r><w:r><w:rPr><w:b/><w:bCs/><w:sz w:val="22"/><w:szCs w:val="22"/></w:rPr><w:t>{#contract_root.number#}</w:t></w:r><w:r><w:rPr><w:b/><w:bCs/><w:sz w:val="24"/><w:szCs w:val="24"/></w:rPr><w:t xml:space="preserve"> от </w:t></w:r><w:r><w:rPr><w:b/><w:bCs/><w:sz w:val="22"/><w:szCs w:val="22"/></w:rPr><w:t>{#contract_root.from_at_rus#}</w:t></w:r></w:p><w:tbl><w:tblPr><w:bidiVisual/><w:tblW w:w="0" w:type="auto"/><w:tblCellMar><w:left w:w="10" w:type="dxa"/><w:right w:w="10" w:type="dxa"/></w:tblCellMar><w:tblLook w:val="0000"/></w:tblPr><w:tblGrid><w:gridCol w:w="4765"/><w:gridCol w:w="4753"/></w:tblGrid><w:tr w:rsidR="00AB3822"><w:tc><w:tcPr><w:tcW w:w="4765" w:type="dxa"/><w:shd w:val="clear" w:color="auto" w:fill="auto"/></w:tcPr><w:p w:rsidR="00AB3822" w:rsidRDefault="00073ADD"><w:pPr><w:jc w:val="right"/></w:pPr><w:r><w:rPr><w:b/><w:bCs/><w:sz w:val="22"/><w:szCs w:val="22"/></w:rPr><w:t>{#contract.from_at_rus#}</w:t></w:r></w:p></w:tc><w:tc><w:tcPr><w:tcW w:w="4753" w:type="dxa"/><w:shd w:val="clear" w:color="auto" w:fill="auto"/></w:tcPr><w:p w:rsidR="00AB3822" w:rsidRDefault="00073ADD"><w:r><w:rPr><w:b/><w:bCs/><w:sz w:val="22"/><w:szCs w:val="22"/></w:rPr><w:t>г.Алматы</w:t></w:r></w:p></w:tc></w:tr></w:tbl><w:p w:rsidR="00AB3822" w:rsidRPr="00785375" w:rsidRDefault="00073ADD"><w:pPr><w:jc w:val="both"/><w:rPr><w:lang w:val="ru-RU"/></w:rPr></w:pPr><w:r><w:rPr><w:b/><w:bCs/><w:sz w:val="24"/><w:szCs w:val="24"/><w:lang w:val="ru-RU"/></w:rPr><w:t>Товарищество с ограниченной ответственностью «Асфальтобетон 1»</w:t></w:r><w:r><w:rPr><w:sz w:val="24"/><w:szCs w:val="24"/><w:lang w:val="ru-RU"/></w:rPr><w:t xml:space="preserve">, БИН 060440009474, именуемое в дальнейшем Поставщик, в лице генерального директора Исламова Вариса Абубакировича, действующего на основании Устава, с одной стороны, и </w:t></w:r><w:r><w:rPr><w:b/><w:bCs/><w:sz w:val="22"/><w:szCs w:val="22"/><w:lang w:val="ru-RU"/></w:rPr><w:t>{#client.name_1c#}</w:t></w:r><w:r><w:rPr><w:sz w:val="22"/><w:szCs w:val="22"/><w:lang w:val="ru-RU"/></w:rPr><w:t xml:space="preserve">, </w:t></w:r><w:r><w:rPr><w:sz w:val="22"/><w:szCs w:val="22"/><w:lang w:val="kk-KZ"/></w:rPr><w:t>БИН</w:t></w:r><w:r><w:rPr><w:sz w:val="22"/><w:szCs w:val="22"/><w:lang w:val="ru-RU"/></w:rPr><w:t>/ИИН {#client.bik#},</w:t></w:r><w:r><w:rPr><w:sz w:val="24"/><w:szCs w:val="24"/><w:lang w:val="ru-RU"/></w:rPr><w:t xml:space="preserve"> именуемое в дальнейшем Покупатель, в лице директора </w:t></w:r><w:r><w:rPr><w:sz w:val="22"/><w:szCs w:val="22"/><w:lang w:val="ru-RU"/></w:rPr><w:t>{#client.director#}, действующего на основании {#client.charter#},</w:t></w:r><w:r><w:rPr><w:color w:val="FF0000"/><w:sz w:val="24"/><w:szCs w:val="24"/><w:lang w:val="ru-RU"/></w:rPr><w:t xml:space="preserve"> </w:t></w:r><w:r><w:rPr><w:sz w:val="24"/><w:szCs w:val="24"/><w:lang w:val="ru-RU"/></w:rPr><w:t>с другой стороны, при совместном упоминании именуемые «Стороны», заключили настоящий Договор, о нижеследующем:</w:t></w:r></w:p><w:p w:rsidR="00AB3822" w:rsidRPr="00785375" w:rsidRDefault="00073ADD"><w:pPr><w:jc w:val="both"/><w:rPr><w:lang w:val="ru-RU"/></w:rPr></w:pPr><w:r><w:rPr><w:b/><w:bCs/><w:sz w:val="24"/><w:szCs w:val="24"/><w:lang w:val="ru-RU"/></w:rPr><w:t>1.</w:t></w:r><w:r><w:rPr><w:sz w:val="24"/><w:szCs w:val="24"/><w:lang w:val="ru-RU"/></w:rPr><w:t xml:space="preserve"> ПОСТАВЩИК и ПОКУПАТЕЛЬ в связи с увеличением объемов пришли к соглашению дополнить договор поставки №</w:t></w:r><w:r><w:rPr><w:sz w:val="22"/><w:szCs w:val="22"/><w:lang w:val="ru-RU"/></w:rPr><w:t xml:space="preserve">{#contract_root.number#} </w:t></w:r><w:r><w:rPr><w:sz w:val="24"/><w:szCs w:val="24"/><w:lang w:val="ru-RU"/></w:rPr><w:t xml:space="preserve">от </w:t></w:r><w:r><w:rPr><w:sz w:val="22"/><w:szCs w:val="22"/><w:lang w:val="ru-RU"/></w:rPr><w:t>{#contract_root.from_at_rus#}</w:t></w:r><w:r><w:rPr><w:sz w:val="24"/><w:szCs w:val="24"/><w:lang w:val="ru-RU"/></w:rPr><w:t xml:space="preserve"> (далее по тексту – Договор).</w:t></w:r></w:p><w:p w:rsidR="00AB3822" w:rsidRPr="00785375" w:rsidRDefault="00073ADD"><w:pPr><w:jc w:val="both"/><w:rPr><w:lang w:val="ru-RU"/></w:rPr></w:pPr><w:r><w:rPr><w:b/><w:bCs/><w:sz w:val="24"/><w:szCs w:val="24"/><w:lang w:val="ru-RU"/></w:rPr><w:t>2.</w:t></w:r><w:r><w:rPr><w:sz w:val="24"/><w:szCs w:val="24"/><w:lang w:val="ru-RU"/></w:rPr><w:t xml:space="preserve"> Дополнить п.4.1. Договора текстом следующего содержания:  </w:t></w:r></w:p><w:tbl><w:tblPr><w:bidiVisual/><w:tblW w:w="0" w:type="auto"/><w:tblBorders><w:top w:val="single" w:sz="4" w:space="0" w:color="auto"/><w:left w:val="single" w:sz="4" w:space="0" w:color="auto"/><w:bottom w:val="single" w:sz="4" w:space="0" w:color="auto"/><w:right w:val="single" w:sz="4" w:space="0" w:color="auto"/><w:insideH w:val="single" w:sz="4" w:space="0" w:color="auto"/><w:insideV w:val="single" w:sz="4" w:space="0" w:color="auto"/></w:tblBorders><w:tblLayout w:type="fixed"/><w:tblCellMar><w:top w:w="29" w:type="dxa"/><w:left w:w="29" w:type="dxa"/><w:bottom w:w="29" w:type="dxa"/><w:right w:w="29" w:type="dxa"/></w:tblCellMar><w:tblLook w:val="0000"/></w:tblPr><w:tblGrid><w:gridCol w:w="1715"/><w:gridCol w:w="1260"/><w:gridCol w:w="1350"/><w:gridCol w:w="4553"/><w:gridCol w:w="630"/></w:tblGrid><w:tr w:rsidR="00AB3822" w:rsidTr="00785375"><w:tc><w:tcPr><w:tcW w:w="1715" w:type="dxa"/><w:vAlign w:val="center"/></w:tcPr><w:p w:rsidR="00AB3822" w:rsidRDefault="00073ADD"><w:pPr><w:spacing w:after="0"/><w:jc w:val="center"/></w:pPr><w:r><w:rPr><w:b/><w:bCs/><w:sz w:val="22"/><w:szCs w:val="22"/></w:rPr><w:t>Сумма</w:t></w:r></w:p><w:p w:rsidR="00AB3822" w:rsidRDefault="00073ADD"><w:pPr><w:spacing w:after="0"/><w:jc w:val="center"/></w:pPr><w:r><w:rPr><w:b/><w:bCs/><w:sz w:val="22"/><w:szCs w:val="22"/></w:rPr><w:t>(тенге)</w:t></w:r></w:p></w:tc><w:tc><w:tcPr><w:tcW w:w="1260" w:type="dxa"/><w:vAlign w:val="center"/></w:tcPr><w:p w:rsidR="00AB3822" w:rsidRDefault="00073ADD"><w:pPr><w:spacing w:after="0"/><w:jc w:val="center"/></w:pPr><w:r><w:rPr><w:b/><w:bCs/><w:sz w:val="22"/><w:szCs w:val="22"/></w:rPr><w:t>Цена</w:t></w:r></w:p><w:p w:rsidR="00AB3822" w:rsidRDefault="00073ADD"><w:pPr><w:spacing w:after="0"/><w:jc w:val="center"/></w:pPr><w:r><w:rPr><w:b/><w:bCs/><w:sz w:val="22"/><w:szCs w:val="22"/></w:rPr><w:t>(тенге)</w:t></w:r></w:p></w:tc><w:tc><w:tcPr><w:tcW w:w="1350" w:type="dxa"/><w:vAlign w:val="center"/></w:tcPr><w:p w:rsidR="00AB3822" w:rsidRDefault="00073ADD"><w:pPr><w:spacing w:after="0"/><w:jc w:val="center"/></w:pPr><w:r><w:rPr><w:b/><w:bCs/><w:sz w:val="22"/><w:szCs w:val="22"/></w:rPr><w:t>Кол-во</w:t></w:r></w:p><w:p w:rsidR="00AB3822" w:rsidRDefault="00073ADD"><w:pPr><w:spacing w:after="0"/><w:jc w:val="center"/></w:pPr><w:r><w:rPr><w:b/><w:bCs/><w:sz w:val="22"/><w:szCs w:val="22"/></w:rPr><w:t>(тонн)</w:t></w:r></w:p></w:tc><w:tc><w:tcPr><w:tcW w:w="4553" w:type="dxa"/><w:vAlign w:val="center"/></w:tcPr><w:p w:rsidR="00AB3822" w:rsidRDefault="00073ADD"><w:pPr><w:spacing w:after="0"/><w:jc w:val="center"/></w:pPr><w:r><w:rPr><w:b/><w:bCs/><w:sz w:val="22"/><w:szCs w:val="22"/></w:rPr><w:t>Наименование товара</w:t></w:r></w:p></w:tc><w:tc><w:tcPr><w:tcW w:w="630" w:type="dxa"/><w:vAlign w:val="center"/></w:tcPr><w:p w:rsidR="00AB3822" w:rsidRDefault="00073ADD"><w:pPr><w:spacing w:after="0"/><w:jc w:val="center"/></w:pPr><w:r><w:rPr><w:b/><w:bCs/><w:sz w:val="22"/><w:szCs w:val="22"/></w:rPr><w:t>№</w:t></w:r></w:p></w:tc></w:tr><w:tr w:rsidR="00AB3822" w:rsidTr="00785375"><w:trPr><w:trHeight w:val="437"/></w:trPr><w:tc><w:tcPr><w:tcW w:w="9508" w:type="dxa"/><w:gridSpan w:val="5"/><w:vAlign w:val="center"/></w:tcPr><w:p w:rsidR="00AB3822" w:rsidRDefault="00073ADD"><w:pPr><w:spacing w:after="0"/><w:jc w:val="center"/></w:pPr><w:r><w:rPr><w:b/><w:bCs/><w:sz w:val="22"/><w:szCs w:val="22"/></w:rPr><w:t>{#table1.address#}</w:t></w:r></w:p></w:tc></w:tr><w:tr w:rsidR="00AB3822" w:rsidTr="00785375"><w:tc><w:tcPr><w:tcW w:w="1715" w:type="dxa"/></w:tcPr><w:p w:rsidR="00AB3822" w:rsidRDefault="00073ADD"><w:pPr><w:spacing w:after="0"/><w:jc w:val="right"/></w:pPr><w:r><w:rPr><w:sz w:val="22"/><w:szCs w:val="22"/></w:rPr><w:t>${table1_a}</w:t></w:r></w:p></w:tc><w:tc><w:tcPr><w:tcW w:w="1260" w:type="dxa"/></w:tcPr><w:p w:rsidR="00AB3822" w:rsidRDefault="00073ADD"><w:pPr><w:spacing w:after="0"/><w:jc w:val="right"/></w:pPr><w:r><w:rPr><w:sz w:val="22"/><w:szCs w:val="22"/></w:rPr><w:t>${table1_p}</w:t></w:r><w:r><w:rPr><w:color w:val="FFFFFF"/><w:sz w:val="22"/><w:szCs w:val="22"/></w:rPr><w:t>.</w:t></w:r></w:p></w:tc><w:tc><w:tcPr><w:tcW w:w="1350" w:type="dxa"/></w:tcPr><w:p w:rsidR="00AB3822" w:rsidRDefault="00073ADD"><w:pPr><w:spacing w:after="0"/><w:jc w:val="right"/></w:pPr><w:r><w:rPr><w:sz w:val="22"/><w:szCs w:val="22"/></w:rPr><w:t>${table1_q}</w:t></w:r><w:r><w:rPr><w:color w:val="FFFFFF"/><w:sz w:val="22"/><w:szCs w:val="22"/></w:rPr><w:t>.</w:t></w:r></w:p></w:tc><w:tc><w:tcPr><w:tcW w:w="4553" w:type="dxa"/></w:tcPr><w:p w:rsidR="00AB3822" w:rsidRDefault="00073ADD"><w:pPr><w:spacing w:after="0"/></w:pPr><w:r><w:rPr><w:sz w:val="22"/><w:szCs w:val="22"/></w:rPr><w:t>${table1_name}</w:t></w:r></w:p></w:tc><w:tc><w:tcPr><w:tcW w:w="630" w:type="dxa"/></w:tcPr><w:p w:rsidR="00AB3822" w:rsidRDefault="00073ADD"><w:pPr><w:spacing w:after="0"/><w:jc w:val="right"/></w:pPr><w:r><w:rPr><w:sz w:val="22"/><w:szCs w:val="22"/></w:rPr><w:t>${t1_n}</w:t></w:r></w:p></w:tc></w:tr><w:tr w:rsidR="00AB3822" w:rsidTr="00785375"><w:tc><w:tcPr><w:tcW w:w="1715" w:type="dxa"/></w:tcPr><w:p w:rsidR="00AB3822" w:rsidRDefault="00073ADD"><w:pPr><w:spacing w:after="0"/><w:jc w:val="right"/></w:pPr><w:r><w:rPr><w:b/><w:bCs/><w:sz w:val="22"/><w:szCs w:val="22"/></w:rPr><w:t>{#table1.amount#}</w:t></w:r></w:p></w:tc><w:tc><w:tcPr><w:tcW w:w="7793" w:type="dxa"/><w:gridSpan w:val="4"/></w:tcPr><w:p w:rsidR="00AB3822" w:rsidRDefault="00073ADD"><w:pPr><w:spacing w:after="0"/><w:jc w:val="right"/></w:pPr><w:r><w:rPr><w:b/><w:bCs/><w:sz w:val="22"/><w:szCs w:val="22"/></w:rPr><w:t>Итого:</w:t></w:r></w:p></w:tc></w:tr></w:tbl><w:p w:rsidR="00AB3822" w:rsidRDefault="00073ADD"><w:pPr><w:spacing w:after="0"/></w:pPr><w:r><w:t xml:space="preserve">     </w:t></w:r><w:r w:rsidR="00EC3EB5"><w:t>${table2}</w:t></w:r></w:p><w:tbl><w:tblPr><w:bidiVisual/><w:tblW w:w="0" w:type="auto"/><w:tblBorders><w:top w:val="single" w:sz="4" w:space="0" w:color="auto"/><w:left w:val="single" w:sz="4" w:space="0" w:color="auto"/><w:bottom w:val="single" w:sz="4" w:space="0" w:color="auto"/><w:right w:val="single" w:sz="4" w:space="0" w:color="auto"/><w:insideH w:val="single" w:sz="4" w:space="0" w:color="auto"/><w:insideV w:val="single" w:sz="4" w:space="0" w:color="auto"/></w:tblBorders><w:tblLayout w:type="fixed"/><w:tblCellMar><w:top w:w="29" w:type="dxa"/><w:left w:w="29" w:type="dxa"/><w:bottom w:w="29" w:type="dxa"/><w:right w:w="29" w:type="dxa"/></w:tblCellMar><w:tblLook w:val="0000"/></w:tblPr><w:tblGrid><w:gridCol w:w="1715"/><w:gridCol w:w="1260"/><w:gridCol w:w="1350"/><w:gridCol w:w="4553"/><w:gridCol w:w="630"/></w:tblGrid><w:tr w:rsidR="00AB3822" w:rsidTr="00785375"><w:tc><w:tcPr><w:tcW w:w="1715" w:type="dxa"/><w:vAlign w:val="center"/></w:tcPr><w:p w:rsidR="00AB3822" w:rsidRDefault="00073ADD"><w:pPr><w:spacing w:after="0"/><w:jc w:val="center"/></w:pPr><w:r><w:rPr><w:b/><w:bCs/><w:sz w:val="22"/><w:szCs w:val="22"/></w:rPr><w:t>Сумма</w:t></w:r></w:p><w:p w:rsidR="00AB3822" w:rsidRDefault="00073ADD"><w:pPr><w:spacing w:after="0"/><w:jc w:val="center"/></w:pPr><w:r><w:rPr><w:b/><w:bCs/><w:sz w:val="22"/><w:szCs w:val="22"/></w:rPr><w:t>(тенге)</w:t></w:r></w:p></w:tc><w:tc><w:tcPr><w:tcW w:w="1260" w:type="dxa"/><w:vAlign w:val="center"/></w:tcPr><w:p w:rsidR="00AB3822" w:rsidRDefault="00073ADD"><w:pPr><w:spacing w:after="0"/><w:jc w:val="center"/></w:pPr><w:r><w:rPr><w:b/><w:bCs/><w:sz w:val="22"/><w:szCs w:val="22"/></w:rPr><w:t>Цена</w:t></w:r></w:p><w:p w:rsidR="00AB3822" w:rsidRDefault="00073ADD"><w:pPr><w:spacing w:after="0"/><w:jc w:val="center"/></w:pPr><w:r><w:rPr><w:b/><w:bCs/><w:sz w:val="22"/><w:szCs w:val="22"/></w:rPr><w:t>(тенге)</w:t></w:r></w:p></w:tc><w:tc><w:tcPr><w:tcW w:w="1350" w:type="dxa"/><w:vAlign w:val="center"/></w:tcPr><w:p w:rsidR="00AB3822" w:rsidRDefault="00073ADD"><w:pPr><w:spacing w:after="0"/><w:jc w:val="center"/></w:pPr><w:r><w:rPr><w:b/><w:bCs/><w:sz w:val="22"/><w:szCs w:val="22"/></w:rPr><w:t>Кол-во</w:t></w:r></w:p><w:p w:rsidR="00AB3822" w:rsidRDefault="00073ADD"><w:pPr><w:spacing w:after="0"/><w:jc w:val="center"/></w:pPr><w:r><w:rPr><w:b/><w:bCs/><w:sz w:val="22"/><w:szCs w:val="22"/></w:rPr><w:t>(тонн)</w:t></w:r></w:p></w:tc><w:tc><w:tcPr><w:tcW w:w="4553" w:type="dxa"/><w:vAlign w:val="center"/></w:tcPr><w:p w:rsidR="00AB3822" w:rsidRDefault="00073ADD"><w:pPr><w:spacing w:after="0"/><w:jc w:val="center"/></w:pPr><w:r w:rsidRPr="00996B77"><w:rPr><w:b/><w:bCs/><w:sz w:val="22"/><w:szCs w:val="22"/><w:lang w:val="ru-RU"/></w:rPr><w:t>Наименование</w:t></w:r><w:r><w:rPr><w:b/><w:bCs/><w:sz w:val="22"/><w:szCs w:val="22"/></w:rPr><w:t xml:space="preserve"> товара</w:t></w:r></w:p></w:tc><w:tc><w:tcPr><w:tcW w:w="630" w:type="dxa"/><w:vAlign w:val="center"/></w:tcPr><w:p w:rsidR="00AB3822" w:rsidRDefault="00073ADD"><w:pPr><w:spacing w:after="0"/><w:jc w:val="center"/></w:pPr><w:r><w:rPr><w:b/><w:bCs/><w:sz w:val="22"/><w:szCs w:val="22"/></w:rPr><w:t>№</w:t></w:r></w:p></w:tc></w:tr><w:tr w:rsidR="00AB3822" w:rsidTr="00785375"><w:trPr><w:trHeight w:val="437"/></w:trPr><w:tc><w:tcPr><w:tcW w:w="9508" w:type="dxa"/><w:gridSpan w:val="5"/><w:vAlign w:val="center"/></w:tcPr><w:p w:rsidR="00AB3822" w:rsidRDefault="00073ADD"><w:pPr><w:spacing w:after="0"/><w:jc w:val="center"/></w:pPr><w:r><w:rPr><w:b/><w:bCs/><w:sz w:val="22"/><w:szCs w:val="22"/></w:rPr><w:t>{#table2.address#}</w:t></w:r></w:p></w:tc></w:tr><w:tr w:rsidR="00AB3822" w:rsidTr="00785375"><w:tc><w:tcPr><w:tcW w:w="1715" w:type="dxa"/></w:tcPr><w:p w:rsidR="00AB3822" w:rsidRDefault="00073ADD"><w:pPr><w:spacing w:after="0"/><w:jc w:val="right"/></w:pPr><w:r><w:rPr><w:sz w:val="22"/><w:szCs w:val="22"/></w:rPr><w:t>${table2_a}</w:t></w:r></w:p></w:tc><w:tc><w:tcPr><w:tcW w:w="1260" w:type="dxa"/></w:tcPr><w:p w:rsidR="00AB3822" w:rsidRDefault="00073ADD"><w:pPr><w:spacing w:after="0"/><w:jc w:val="right"/></w:pPr><w:r><w:rPr><w:sz w:val="22"/><w:szCs w:val="22"/></w:rPr><w:t>${table2_p}</w:t></w:r><w:r><w:rPr><w:color w:val="FFFFFF"/><w:sz w:val="22"/><w:szCs w:val="22"/></w:rPr><w:t>.</w:t></w:r></w:p></w:tc><w:tc><w:tcPr><w:tcW w:w="1350" w:type="dxa"/></w:tcPr><w:p w:rsidR="00AB3822" w:rsidRDefault="00073ADD"><w:pPr><w:spacing w:after="0"/><w:jc w:val="right"/></w:pPr><w:r><w:rPr><w:sz w:val="22"/><w:szCs w:val="22"/></w:rPr><w:t>${table2_q}</w:t></w:r><w:r><w:rPr><w:color w:val="FFFFFF"/><w:sz w:val="22"/><w:szCs w:val="22"/></w:rPr><w:t>.</w:t></w:r></w:p></w:tc><w:tc><w:tcPr><w:tcW w:w="4553" w:type="dxa"/></w:tcPr><w:p w:rsidR="00AB3822" w:rsidRDefault="00073ADD"><w:pPr><w:spacing w:after="0"/></w:pPr><w:r><w:rPr><w:sz w:val="22"/><w:szCs w:val="22"/></w:rPr><w:t>${table2_name}</w:t></w:r></w:p></w:tc><w:tc><w:tcPr><w:tcW w:w="630" w:type="dxa"/></w:tcPr><w:p w:rsidR="00AB3822" w:rsidRDefault="00073ADD"><w:pPr><w:spacing w:after="0"/><w:jc w:val="right"/></w:pPr><w:r><w:rPr><w:sz w:val="22"/><w:szCs w:val="22"/></w:rPr><w:t>${t2_n}</w:t></w:r></w:p></w:tc></w:tr><w:tr w:rsidR="00AB3822" w:rsidTr="00785375"><w:tc><w:tcPr><w:tcW w:w="1715" w:type="dxa"/></w:tcPr><w:p w:rsidR="00AB3822" w:rsidRDefault="00073ADD"><w:pPr><w:spacing w:after="0"/><w:jc w:val="right"/></w:pPr><w:r><w:rPr><w:b/><w:bCs/><w:sz w:val="22"/><w:szCs w:val="22"/></w:rPr><w:t>{#table2.amount#}</w:t></w:r></w:p></w:tc><w:tc><w:tcPr><w:tcW w:w="7793" w:type="dxa"/><w:gridSpan w:val="4"/></w:tcPr><w:p w:rsidR="00AB3822" w:rsidRDefault="00073ADD"><w:pPr><w:spacing w:after="0"/><w:jc w:val="right"/></w:pPr><w:r><w:rPr><w:b/><w:bCs/><w:sz w:val="22"/><w:szCs w:val="22"/></w:rPr><w:t>Итого:</w:t></w:r></w:p></w:tc></w:tr></w:tbl><w:p w:rsidR="00AB3822" w:rsidRDefault="00073ADD"><w:pPr><w:spacing w:after="0"/></w:pPr><w:r><w:t xml:space="preserve">     </w:t></w:r><w:r w:rsidR="00EC3EB5"><w:t>${/table2}</w:t></w:r></w:p><w:p w:rsidR="00AB3822" w:rsidRDefault="00073ADD"><w:pPr><w:spacing w:after="0"/></w:pPr><w:r><w:t xml:space="preserve">     </w:t></w:r><w:r w:rsidR="00EC3EB5"><w:t>${table3}</w:t></w:r></w:p><w:tbl><w:tblPr><w:bidiVisual/><w:tblW w:w="0" w:type="auto"/><w:tblBorders><w:top w:val="single" w:sz="4" w:space="0" w:color="auto"/><w:left w:val="single" w:sz="4" w:space="0" w:color="auto"/><w:bottom w:val="single" w:sz="4" w:space="0" w:color="auto"/><w:right w:val="single" w:sz="4" w:space="0" w:color="auto"/><w:insideH w:val="single" w:sz="4" w:space="0" w:color="auto"/><w:insideV w:val="single" w:sz="4" w:space="0" w:color="auto"/></w:tblBorders><w:tblLayout w:type="fixed"/><w:tblCellMar><w:top w:w="29" w:type="dxa"/><w:left w:w="29" w:type="dxa"/><w:bottom w:w="29" w:type="dxa"/><w:right w:w="29" w:type="dxa"/></w:tblCellMar><w:tblLook w:val="0000"/></w:tblPr><w:tblGrid><w:gridCol w:w="1715"/><w:gridCol w:w="1260"/><w:gridCol w:w="1350"/><w:gridCol w:w="4553"/><w:gridCol w:w="630"/></w:tblGrid><w:tr w:rsidR="00AB3822" w:rsidTr="00785375"><w:tc><w:tcPr><w:tcW w:w="1715" w:type="dxa"/><w:vAlign w:val="center"/></w:tcPr><w:p w:rsidR="00AB3822" w:rsidRDefault="00073ADD"><w:pPr><w:spacing w:after="0"/><w:jc w:val="center"/></w:pPr><w:r><w:rPr><w:b/><w:bCs/><w:sz w:val="22"/><w:szCs w:val="22"/></w:rPr><w:t>Сумма</w:t></w:r></w:p><w:p w:rsidR="00AB3822" w:rsidRDefault="00073ADD"><w:pPr><w:spacing w:after="0"/><w:jc w:val="center"/></w:pPr><w:r><w:rPr><w:b/><w:bCs/><w:sz w:val="22"/><w:szCs w:val="22"/></w:rPr><w:t>(тенге)</w:t></w:r></w:p></w:tc><w:tc><w:tcPr><w:tcW w:w="1260" w:type="dxa"/><w:vAlign w:val="center"/></w:tcPr><w:p w:rsidR="00AB3822" w:rsidRDefault="00073ADD"><w:pPr><w:spacing w:after="0"/><w:jc w:val="center"/></w:pPr><w:r><w:rPr><w:b/><w:bCs/><w:sz w:val="22"/><w:szCs w:val="22"/></w:rPr><w:t>Цена</w:t></w:r></w:p><w:p w:rsidR="00AB3822" w:rsidRDefault="00073ADD"><w:pPr><w:spacing w:after="0"/><w:jc w:val="center"/></w:pPr><w:r><w:rPr><w:b/><w:bCs/><w:sz w:val="22"/><w:szCs w:val="22"/></w:rPr><w:t>(тенге)</w:t></w:r></w:p></w:tc><w:tc><w:tcPr><w:tcW w:w="1350" w:type="dxa"/><w:vAlign w:val="center"/></w:tcPr><w:p w:rsidR="00AB3822" w:rsidRDefault="00073ADD"><w:pPr><w:spacing w:after="0"/><w:jc w:val="center"/></w:pPr><w:r><w:rPr><w:b/><w:bCs/><w:sz w:val="22"/><w:szCs w:val="22"/></w:rPr><w:t>Кол-во</w:t></w:r></w:p><w:p w:rsidR="00AB3822" w:rsidRDefault="00073ADD"><w:pPr><w:spacing w:after="0"/><w:jc w:val="center"/></w:pPr><w:r><w:rPr><w:b/><w:bCs/><w:sz w:val="22"/><w:szCs w:val="22"/></w:rPr><w:t>(тонн)</w:t></w:r></w:p></w:tc><w:tc><w:tcPr><w:tcW w:w="4553" w:type="dxa"/><w:vAlign w:val="center"/></w:tcPr><w:p w:rsidR="00AB3822" w:rsidRDefault="00073ADD"><w:pPr><w:spacing w:after="0"/><w:jc w:val="center"/></w:pPr><w:r><w:rPr><w:b/><w:bCs/><w:sz w:val="22"/><w:szCs w:val="22"/></w:rPr><w:t>Наименование товара</w:t></w:r></w:p></w:tc><w:tc><w:tcPr><w:tcW w:w="630" w:type="dxa"/><w:vAlign w:val="center"/></w:tcPr><w:p w:rsidR="00AB3822" w:rsidRDefault="00073ADD"><w:pPr><w:spacing w:after="0"/><w:jc w:val="center"/></w:pPr><w:r><w:rPr><w:b/><w:bCs/><w:sz w:val="22"/><w:szCs w:val="22"/></w:rPr><w:t>№</w:t></w:r></w:p></w:tc></w:tr><w:tr w:rsidR="00AB3822" w:rsidTr="00785375"><w:trPr><w:trHeight w:val="437"/></w:trPr><w:tc><w:tcPr><w:tcW w:w="9508" w:type="dxa"/><w:gridSpan w:val="5"/><w:vAlign w:val="center"/></w:tcPr><w:p w:rsidR="00AB3822" w:rsidRDefault="00073ADD"><w:pPr><w:spacing w:after="0"/><w:jc w:val="center"/></w:pPr><w:r><w:rPr><w:b/><w:bCs/><w:sz w:val="22"/><w:szCs w:val="22"/></w:rPr><w:t>{#table3.address#}</w:t></w:r></w:p></w:tc></w:tr><w:tr w:rsidR="00AB3822" w:rsidTr="00785375"><w:tc><w:tcPr><w:tcW w:w="1715" w:type="dxa"/></w:tcPr><w:p w:rsidR="00AB3822" w:rsidRDefault="00073ADD"><w:pPr><w:spacing w:after="0"/><w:jc w:val="right"/></w:pPr><w:r><w:rPr><w:sz w:val="22"/><w:szCs w:val="22"/></w:rPr><w:t>${table3_a}</w:t></w:r></w:p></w:tc><w:tc><w:tcPr><w:tcW w:w="1260" w:type="dxa"/></w:tcPr><w:p w:rsidR="00AB3822" w:rsidRDefault="00073ADD"><w:pPr><w:spacing w:after="0"/><w:jc w:val="right"/></w:pPr><w:r><w:rPr><w:sz w:val="22"/><w:szCs w:val="22"/></w:rPr><w:t>${table3_p}</w:t></w:r><w:r><w:rPr><w:color w:val="FFFFFF"/><w:sz w:val="22"/><w:szCs w:val="22"/></w:rPr><w:t>.</w:t></w:r></w:p></w:tc><w:tc><w:tcPr><w:tcW w:w="1350" w:type="dxa"/></w:tcPr><w:p w:rsidR="00AB3822" w:rsidRDefault="00073ADD"><w:pPr><w:spacing w:after="0"/><w:jc w:val="right"/></w:pPr><w:r><w:rPr><w:sz w:val="22"/><w:szCs w:val="22"/></w:rPr><w:t>${table3_q}</w:t></w:r><w:r><w:rPr><w:color w:val="FFFFFF"/><w:sz w:val="22"/><w:szCs w:val="22"/></w:rPr><w:t>.</w:t></w:r></w:p></w:tc><w:tc><w:tcPr><w:tcW w:w="4553" w:type="dxa"/></w:tcPr><w:p w:rsidR="00AB3822" w:rsidRDefault="00073ADD"><w:pPr><w:spacing w:after="0"/></w:pPr><w:r><w:rPr><w:sz w:val="22"/><w:szCs w:val="22"/></w:rPr><w:t>${table3_name}</w:t></w:r></w:p></w:tc><w:tc><w:tcPr><w:tcW w:w="630" w:type="dxa"/></w:tcPr><w:p w:rsidR="00AB3822" w:rsidRDefault="00073ADD"><w:pPr><w:spacing w:after="0"/><w:jc w:val="right"/></w:pPr><w:r><w:rPr><w:sz w:val="22"/><w:szCs w:val="22"/></w:rPr><w:t>${t3_n}</w:t></w:r></w:p></w:tc></w:tr><w:tr w:rsidR="00AB3822" w:rsidTr="00785375"><w:tc><w:tcPr><w:tcW w:w="1715" w:type="dxa"/></w:tcPr><w:p w:rsidR="00AB3822" w:rsidRDefault="00073ADD"><w:pPr><w:spacing w:after="0"/><w:jc w:val="right"/></w:pPr><w:r><w:rPr><w:b/><w:bCs/><w:sz w:val="22"/><w:szCs w:val="22"/></w:rPr><w:t>{#table3.amount#}</w:t></w:r></w:p></w:tc><w:tc><w:tcPr><w:tcW w:w="7793" w:type="dxa"/><w:gridSpan w:val="4"/></w:tcPr><w:p w:rsidR="00AB3822" w:rsidRDefault="00073ADD"><w:pPr><w:spacing w:after="0"/><w:jc w:val="right"/></w:pPr><w:r><w:rPr><w:b/><w:bCs/><w:sz w:val="22"/><w:szCs w:val="22"/></w:rPr><w:t>Итого:</w:t></w:r></w:p></w:tc></w:tr></w:tbl><w:p w:rsidR="00AB3822" w:rsidRDefault="00073ADD"><w:pPr><w:spacing w:after="0"/></w:pPr><w:r><w:t xml:space="preserve">     </w:t></w:r><w:r w:rsidR="00EC3EB5"><w:t>${/table3}</w:t></w:r></w:p><w:p w:rsidR="00AB3822" w:rsidRPr="00AC7B40" w:rsidRDefault="00073ADD"><w:pPr><w:jc w:val="both"/></w:pPr><w:r><w:rPr><w:sz w:val="24"/><w:szCs w:val="24"/><w:lang w:val="ru-RU"/></w:rPr><w:t>Сумма</w:t></w:r><w:r w:rsidRPr="00AC7B40"><w:rPr><w:sz w:val="24"/><w:szCs w:val="24"/></w:rPr><w:t xml:space="preserve"> </w:t></w:r><w:r><w:rPr><w:sz w:val="24"/><w:szCs w:val="24"/><w:lang w:val="ru-RU"/></w:rPr><w:t>дополнительного</w:t></w:r><w:r w:rsidRPr="00AC7B40"><w:rPr><w:sz w:val="24"/><w:szCs w:val="24"/></w:rPr><w:t xml:space="preserve"> </w:t></w:r><w:r><w:rPr><w:sz w:val="24"/><w:szCs w:val="24"/><w:lang w:val="ru-RU"/></w:rPr><w:t>соглашения</w:t></w:r><w:r w:rsidRPr="00AC7B40"><w:rPr><w:sz w:val="24"/><w:szCs w:val="24"/></w:rPr><w:t xml:space="preserve"> </w:t></w:r><w:r><w:rPr><w:sz w:val="24"/><w:szCs w:val="24"/><w:lang w:val="ru-RU"/></w:rPr><w:t>составляет</w:t></w:r><w:r w:rsidRPr="00AC7B40"><w:rPr><w:sz w:val="24"/><w:szCs w:val="24"/></w:rPr><w:t xml:space="preserve">: </w:t></w:r><w:r w:rsidRPr="00AC7B40"><w:rPr><w:sz w:val="22"/><w:szCs w:val="22"/></w:rPr><w:t>{#contract.amount#}</w:t></w:r><w:r w:rsidRPr="00AC7B40"><w:rPr><w:sz w:val="24"/><w:szCs w:val="24"/></w:rPr><w:t xml:space="preserve"> </w:t></w:r><w:r w:rsidRPr="00AC7B40"><w:rPr><w:sz w:val="22"/><w:szCs w:val="22"/></w:rPr><w:t>({#contract.amount_currency_str#})</w:t></w:r><w:r w:rsidRPr="00AC7B40"><w:rPr><w:sz w:val="24"/><w:szCs w:val="24"/></w:rPr><w:t xml:space="preserve">. </w:t></w:r></w:p><w:p w:rsidR="00AB3822" w:rsidRPr="00785375" w:rsidRDefault="00073ADD"><w:pPr><w:spacing w:after="0"/><w:jc w:val="both"/><w:rPr><w:lang w:val="ru-RU"/></w:rPr></w:pPr><w:r><w:rPr><w:b/><w:bCs/><w:sz w:val="24"/><w:szCs w:val="24"/><w:lang w:val="ru-RU"/></w:rPr><w:lastRenderedPageBreak/><w:t>3.</w:t></w:r><w:r><w:rPr><w:sz w:val="24"/><w:szCs w:val="24"/><w:lang w:val="ru-RU"/></w:rPr><w:t xml:space="preserve"> Остальные условия Договора, остаются неизменными, и Стороны подтверждают по ним свои обязательства.</w:t></w:r></w:p><w:p w:rsidR="00AB3822" w:rsidRPr="00785375" w:rsidRDefault="00073ADD"><w:pPr><w:jc w:val="both"/><w:rPr><w:lang w:val="ru-RU"/></w:rPr></w:pPr><w:r><w:rPr><w:b/><w:bCs/><w:sz w:val="24"/><w:szCs w:val="24"/><w:lang w:val="ru-RU"/></w:rPr><w:t>4.</w:t></w:r><w:r><w:rPr><w:sz w:val="24"/><w:szCs w:val="24"/><w:lang w:val="ru-RU"/></w:rPr><w:t xml:space="preserve"> Настоящее Соглашение составлено в двух подлинных экземплярах по одному для каждой из Сторон.</w:t></w:r></w:p><w:p w:rsidR="00AB3822" w:rsidRPr="00785375" w:rsidRDefault="00073ADD"><w:pPr><w:jc w:val="both"/><w:rPr><w:lang w:val="ru-RU"/></w:rPr></w:pPr><w:r><w:rPr><w:b/><w:bCs/><w:sz w:val="24"/><w:szCs w:val="24"/><w:lang w:val="ru-RU"/></w:rPr><w:t>5. Юридические адреса и банковские реквизиты Сторон</w:t></w:r></w:p><w:p w:rsidR="00AB3822" w:rsidRPr="00785375" w:rsidRDefault="00073ADD"><w:pPr><w:jc w:val="both"/><w:rPr><w:lang w:val="ru-RU"/></w:rPr></w:pPr><w:r><w:rPr><w:b/><w:bCs/><w:sz w:val="24"/><w:szCs w:val="24"/><w:lang w:val="ru-RU"/></w:rPr><w:t>Поставщик: ТОО «Асфальтобетон 1»,</w:t></w:r><w:r><w:rPr><w:sz w:val="24"/><w:szCs w:val="24"/><w:lang w:val="ru-RU"/></w:rPr><w:t xml:space="preserve"> г.Алматы, ул.Серикова, 20А, БИН 060440009474, ИИК </w:t></w:r><w:r><w:rPr><w:sz w:val="24"/><w:szCs w:val="24"/></w:rPr><w:t>KZ</w:t></w:r><w:r><w:rPr><w:sz w:val="24"/><w:szCs w:val="24"/><w:lang w:val="ru-RU"/></w:rPr><w:t xml:space="preserve">906017131000030374,  в АО «Народный Банк Казахстана», БИК </w:t></w:r><w:r><w:rPr><w:sz w:val="24"/><w:szCs w:val="24"/></w:rPr><w:t>HSBKKZKX</w:t></w:r><w:r><w:rPr><w:sz w:val="24"/><w:szCs w:val="24"/><w:lang w:val="ru-RU"/></w:rPr><w:t xml:space="preserve">.  </w:t></w:r></w:p><w:p w:rsidR="00AB3822" w:rsidRPr="00785375" w:rsidRDefault="00073ADD"><w:pPr><w:jc w:val="both"/><w:rPr><w:lang w:val="ru-RU"/></w:rPr></w:pPr><w:r><w:rPr><w:b/><w:bCs/><w:sz w:val="22"/><w:szCs w:val="22"/><w:lang w:val="ru-RU"/></w:rPr><w:t>Покупатель: {#client.name_1c#}</w:t></w:r><w:r><w:rPr><w:b/><w:bCs/><w:sz w:val="22"/><w:szCs w:val="22"/><w:lang w:val="kk-KZ"/></w:rPr><w:t xml:space="preserve">, </w:t></w:r><w:r><w:rPr><w:sz w:val="22"/><w:szCs w:val="22"/><w:lang w:val="ru-RU"/></w:rPr><w:t>{#client.address#},</w:t></w:r><w:r w:rsidR="00AC7B40" w:rsidRPr="00AC7B40"><w:rPr><w:sz w:val="22"/><w:szCs w:val="22"/><w:lang w:val="ru-RU"/></w:rPr><w:t xml:space="preserve"> </w:t></w:r><w:r><w:rPr><w:sz w:val="22"/><w:szCs w:val="22"/><w:lang w:val="kk-KZ"/></w:rPr><w:t>БИН</w:t></w:r><w:r><w:rPr><w:sz w:val="22"/><w:szCs w:val="22"/><w:lang w:val="ru-RU"/></w:rPr><w:t>/ИИН</w:t></w:r><w:r><w:rPr><w:sz w:val="22"/><w:szCs w:val="22"/><w:lang w:val="kk-KZ"/></w:rPr><w:t xml:space="preserve">: </w:t></w:r><w:r><w:rPr><w:sz w:val="22"/><w:szCs w:val="22"/><w:lang w:val="ru-RU"/></w:rPr><w:t>{#client.bin#},</w:t></w:r><w:r><w:rPr><w:sz w:val="22"/><w:szCs w:val="22"/><w:lang w:val="kk-KZ"/></w:rPr><w:t xml:space="preserve"> ИИК: </w:t></w:r><w:r><w:rPr><w:sz w:val="22"/><w:szCs w:val="22"/><w:lang w:val="ru-RU"/></w:rPr><w:t>{#client.account#},</w:t></w:r><w:r w:rsidR="00AC7B40" w:rsidRPr="00AC7B40"><w:rPr><w:sz w:val="22"/><w:szCs w:val="22"/><w:lang w:val="ru-RU"/></w:rPr><w:t xml:space="preserve"> </w:t></w:r><w:r><w:rPr><w:sz w:val="22"/><w:szCs w:val="22"/><w:lang w:val="kk-KZ"/></w:rPr><w:t xml:space="preserve">БИК: </w:t></w:r><w:r><w:rPr><w:sz w:val="22"/><w:szCs w:val="22"/><w:lang w:val="ru-RU"/></w:rPr><w:t>{#client.bik#}, в {#client.bank#}.</w:t></w:r></w:p><w:p w:rsidR="00AB3822" w:rsidRDefault="00073ADD"><w:pPr><w:jc w:val="both"/></w:pPr><w:r><w:rPr><w:b/><w:bCs/><w:sz w:val="22"/><w:szCs w:val="22"/><w:lang w:val="ru-RU"/></w:rPr><w:t>Подписи</w:t></w:r><w:r><w:rPr><w:b/><w:bCs/><w:sz w:val="22"/><w:szCs w:val="22"/></w:rPr><w:t xml:space="preserve"> и </w:t></w:r><w:r><w:rPr><w:b/><w:bCs/><w:sz w:val="22"/><w:szCs w:val="22"/><w:lang w:val="ru-RU"/></w:rPr><w:t>печати сторон</w:t></w:r><w:r><w:rPr><w:b/><w:bCs/><w:sz w:val="22"/><w:szCs w:val="22"/></w:rPr><w:t>:</w:t></w:r></w:p><w:tbl><w:tblPr><w:bidiVisual/><w:tblW w:w="0" w:type="auto"/><w:tblCellMar><w:left w:w="10" w:type="dxa"/><w:right w:w="10" w:type="dxa"/></w:tblCellMar><w:tblLook w:val="0000"/></w:tblPr><w:tblGrid><w:gridCol w:w="4759"/><w:gridCol w:w="4759"/></w:tblGrid><w:tr w:rsidR="00AB3822"><w:tc><w:tcPr><w:tcW w:w="4759" w:type="dxa"/></w:tcPr><w:p w:rsidR="00AB3822" w:rsidRDefault="00073ADD"><w:pPr><w:jc w:val="both"/></w:pPr><w:r><w:rPr><w:b/><w:bCs/><w:sz w:val="22"/><w:szCs w:val="22"/></w:rPr><w:t xml:space="preserve">Покупатель: </w:t></w:r></w:p><w:p w:rsidR="00AB3822" w:rsidRDefault="00073ADD"><w:pPr><w:jc w:val="both"/></w:pPr><w:r><w:rPr><w:sz w:val="22"/><w:szCs w:val="22"/></w:rPr><w:t xml:space="preserve">{#client.director#} </w:t></w:r><w:r><w:rPr><w:b/><w:bCs/><w:sz w:val="22"/><w:szCs w:val="22"/></w:rPr><w:t xml:space="preserve"> </w:t></w:r><w:r><w:rPr><w:sz w:val="22"/><w:szCs w:val="22"/></w:rPr><w:t>_____________</w:t></w:r></w:p></w:tc><w:tc><w:tcPr><w:tcW w:w="4759" w:type="dxa"/></w:tcPr><w:p w:rsidR="00AB3822" w:rsidRDefault="00073ADD"><w:pPr><w:jc w:val="both"/></w:pPr><w:r><w:rPr><w:b/><w:bCs/><w:sz w:val="22"/><w:szCs w:val="22"/></w:rPr><w:t xml:space="preserve">Поставщик:  </w:t></w:r></w:p><w:p w:rsidR="00AB3822" w:rsidRDefault="00073ADD"><w:pPr><w:jc w:val="both"/></w:pPr><w:r><w:rPr><w:sz w:val="22"/><w:szCs w:val="22"/></w:rPr><w:t>Исламов В.А. _______________</w:t></w:r></w:p></w:tc></w:tr></w:tbl><w:p w:rsidR="00AB3822" w:rsidRDefault="00AB3822"/><w:sectPr w:rsidR="00AB3822" w:rsidSect="00AB3822"><w:headerReference w:type="default" r:id="rId7"/><w:pgSz w:w="11906" w:h="16838"/><w:pgMar w:top="1134" w:right="707" w:bottom="1134" w:left="1701" w:header="360" w:footer="720" w:gutter="0"/><w:cols w:space="708"/></w:sectPr></w:body></w:document></pkg:xmlData></pkg:part><pkg:part pkg:name="/word/footnotes.xml" pkg:contentType="application/vnd.openxmlformats-officedocument.wordprocessingml.footnotes+xml"><pkg:xmlData><w:footnotes xmlns:ve="http://schemas.openxmlformats.org/markup-compatibility/2006" xmlns:o="urn:schemas-microsoft-com:office:office" xmlns:r="http://schemas.openxmlformats.org/officeDocument/2006/relationships" xmlns:m="http://schemas.openxmlformats.org/officeDocument/2006/math" xmlns:v="urn:schemas-microsoft-com:vml" xmlns:wp="http://schemas.openxmlformats.org/drawingml/2006/wordprocessingDrawing" xmlns:w10="urn:schemas-microsoft-com:office:word" xmlns:w="http://schemas.openxmlformats.org/wordprocessingml/2006/main" xmlns:wne="http://schemas.microsoft.com/office/word/2006/wordml"><w:footnote w:type="separator" w:id="0"><w:p w:rsidR="00516633" w:rsidRDefault="00516633" w:rsidP="00AB3822"><w:pPr><w:spacing w:after="0" w:line="240" w:lineRule="auto"/></w:pPr><w:r><w:separator/></w:r></w:p></w:footnote><w:footnote w:type="continuationSeparator" w:id="1"><w:p w:rsidR="00516633" w:rsidRDefault="00516633" w:rsidP="00AB3822"><w:pPr><w:spacing w:after="0" w:line="240" w:lineRule="auto"/></w:pPr><w:r><w:continuationSeparator/></w:r></w:p></w:footnote></w:footnotes></pkg:xmlData></pkg:part><pkg:part pkg:name="/word/endnotes.xml" pkg:contentType="application/vnd.openxmlformats-officedocument.wordprocessingml.endnotes+xml"><pkg:xmlData><w:endnotes xmlns:ve="http://schemas.openxmlformats.org/markup-compatibility/2006" xmlns:o="urn:schemas-microsoft-com:office:office" xmlns:r="http://schemas.openxmlformats.org/officeDocument/2006/relationships" xmlns:m="http://schemas.openxmlformats.org/officeDocument/2006/math" xmlns:v="urn:schemas-microsoft-com:vml" xmlns:wp="http://schemas.openxmlformats.org/drawingml/2006/wordprocessingDrawing" xmlns:w10="urn:schemas-microsoft-com:office:word" xmlns:w="http://schemas.openxmlformats.org/wordprocessingml/2006/main" xmlns:wne="http://schemas.microsoft.com/office/word/2006/wordml"><w:endnote w:type="separator" w:id="0"><w:p w:rsidR="00516633" w:rsidRDefault="00516633" w:rsidP="00AB3822"><w:pPr><w:spacing w:after="0" w:line="240" w:lineRule="auto"/></w:pPr><w:r><w:separator/></w:r></w:p></w:endnote><w:endnote w:type="continuationSeparator" w:id="1"><w:p w:rsidR="00516633" w:rsidRDefault="00516633" w:rsidP="00AB3822"><w:pPr><w:spacing w:after="0" w:line="240" w:lineRule="auto"/></w:pPr><w:r><w:continuationSeparator/></w:r></w:p></w:endnote></w:endnotes></pkg:xmlData></pkg:part><pkg:part pkg:name="/word/header1.xml" pkg:contentType="application/vnd.openxmlformats-officedocument.wordprocessingml.header+xml"><pkg:xmlData><w:hdr xmlns:ve="http://schemas.openxmlformats.org/markup-compatibility/2006" xmlns:o="urn:schemas-microsoft-com:office:office" xmlns:r="http://schemas.openxmlformats.org/officeDocument/2006/relationships" xmlns:m="http://schemas.openxmlformats.org/officeDocument/2006/math" xmlns:v="urn:schemas-microsoft-com:vml" xmlns:wp="http://schemas.openxmlformats.org/drawingml/2006/wordprocessingDrawing" xmlns:w10="urn:schemas-microsoft-com:office:word" xmlns:w="http://schemas.openxmlformats.org/wordprocessingml/2006/main" xmlns:wne="http://schemas.microsoft.com/office/word/2006/wordml"><w:tbl><w:tblPr><w:bidiVisual/><w:tblW w:w="0" w:type="auto"/><w:tblInd w:w="102" w:type="dxa"/><w:tblBorders><w:top w:val="single" w:sz="4" w:space="0" w:color="auto"/><w:left w:val="single" w:sz="4" w:space="0" w:color="auto"/><w:bottom w:val="single" w:sz="4" w:space="0" w:color="auto"/><w:right w:val="single" w:sz="4" w:space="0" w:color="auto"/><w:insideH w:val="single" w:sz="4" w:space="0" w:color="auto"/><w:insideV w:val="single" w:sz="4" w:space="0" w:color="auto"/></w:tblBorders><w:tblLayout w:type="fixed"/><w:tblCellMar><w:top w:w="29" w:type="dxa"/><w:left w:w="29" w:type="dxa"/><w:bottom w:w="29" w:type="dxa"/><w:right w:w="29" w:type="dxa"/></w:tblCellMar><w:tblLook w:val="0000"/></w:tblPr><w:tblGrid><w:gridCol w:w="1666"/><w:gridCol w:w="5419"/><w:gridCol w:w="2340"/></w:tblGrid><w:tr w:rsidR="00AB3822" w:rsidTr="00785375"><w:trPr><w:trHeight w:val="315"/></w:trPr><w:tc><w:tcPr><w:tcW w:w="1666" w:type="dxa"/></w:tcPr><w:p w:rsidR="00AB3822" w:rsidRDefault="00996B77" w:rsidP="00C03492"><w:pPr><w:spacing w:after="0"/><w:jc w:val="center"/></w:pPr><w:r w:rsidRPr="002445A7"><w:t>ПТО  С</w:t></w:r><w:r w:rsidRPr="002445A7"><w:rPr><w:snapToGrid w:val="0"/></w:rPr><w:t xml:space="preserve">тр. </w:t></w:r><w:r w:rsidR="00382E51" w:rsidRPr="002445A7"><w:rPr><w:snapToGrid w:val="0"/></w:rPr><w:fldChar w:fldCharType="begin"/></w:r><w:r w:rsidRPr="002445A7"><w:rPr><w:snapToGrid w:val="0"/></w:rPr><w:instrText xml:space="preserve"> PAGE </w:instrText></w:r><w:r w:rsidR="00382E51" w:rsidRPr="002445A7"><w:rPr><w:snapToGrid w:val="0"/></w:rPr><w:fldChar w:fldCharType="separate"/></w:r><w:r w:rsidR="00134F39"><w:rPr><w:noProof/><w:snapToGrid w:val="0"/></w:rPr><w:t>2</w:t></w:r><w:r w:rsidR="00382E51" w:rsidRPr="002445A7"><w:rPr><w:snapToGrid w:val="0"/></w:rPr><w:fldChar w:fldCharType="end"/></w:r><w:r w:rsidRPr="002445A7"><w:rPr><w:snapToGrid w:val="0"/></w:rPr><w:t xml:space="preserve"> из </w:t></w:r><w:r w:rsidR="00382E51" w:rsidRPr="002445A7"><w:rPr><w:snapToGrid w:val="0"/></w:rPr><w:fldChar w:fldCharType="begin"/></w:r><w:r w:rsidRPr="002445A7"><w:rPr><w:snapToGrid w:val="0"/></w:rPr><w:instrText xml:space="preserve"> NUMPAGES </w:instrText></w:r><w:r w:rsidR="00382E51" w:rsidRPr="002445A7"><w:rPr><w:snapToGrid w:val="0"/></w:rPr><w:fldChar w:fldCharType="separate"/></w:r><w:r w:rsidR="00134F39"><w:rPr><w:noProof/><w:snapToGrid w:val="0"/></w:rPr><w:t>2</w:t></w:r><w:r w:rsidR="00382E51" w:rsidRPr="002445A7"><w:rPr><w:snapToGrid w:val="0"/></w:rPr><w:fldChar w:fldCharType="end"/></w:r></w:p></w:tc><w:tc><w:tcPr><w:tcW w:w="5419" w:type="dxa"/></w:tcPr><w:p w:rsidR="00AB3822" w:rsidRPr="00785375" w:rsidRDefault="00073ADD" w:rsidP="00C03492"><w:pPr><w:spacing w:after="0"/><w:jc w:val="center"/><w:rPr><w:lang w:val="ru-RU"/></w:rPr></w:pPr><w:r><w:rPr><w:lang w:val="ru-RU"/></w:rPr><w:t>Соглашение об изменении и дополнении договора</w:t></w:r></w:p></w:tc><w:tc><w:tcPr><w:tcW w:w="2340" w:type="dxa"/></w:tcPr><w:p w:rsidR="00AB3822" w:rsidRDefault="00073ADD" w:rsidP="00C03492"><w:pPr><w:spacing w:after="0"/></w:pPr><w:r><w:t>ТОО «Асфальтобетон 1»</w:t></w:r></w:p></w:tc></w:tr></w:tbl><w:p w:rsidR="00AB3822" w:rsidRDefault="00AB3822" w:rsidP="00C03492"><w:pPr><w:spacing w:after="0"/></w:pPr></w:p></w:hdr></pkg:xmlData></pkg:part><pkg:part pkg:name="/word/theme/theme1.xml" pkg:contentType="application/vnd.openxmlformats-officedocument.theme+xml"><pkg:xmlData><a:theme name="Office Theme" xmlns:a="http://schemas.openxmlformats.org/drawingml/2006/main"><a:themeElements><a:clrScheme name="Office"><a:dk1><a:sysClr val="windowText" lastClr="000000"/></a:dk1><a:lt1><a:sysClr val="window" lastClr="FFFFFF"/></a:lt1><a:dk2><a:srgbClr val="1F497D"/></a:dk2><a:lt2><a:srgbClr val="EEECE1"/></a:lt2><a:accent1><a:srgbClr val="4F81BD"/></a:accent1><a:accent2><a:srgbClr val="C0504D"/></a:accent2><a:accent3><a:srgbClr val="9BBB59"/></a:accent3><a:accent4><a:srgbClr val="8064A2"/></a:accent4><a:accent5><a:srgbClr val="4BACC6"/></a:accent5><a:accent6><a:srgbClr val="F79646"/></a:accent6><a:hlink><a:srgbClr val="0000FF"/></a:hlink><a:folHlink><a:srgbClr val="800080"/></a:folHlink></a:clrScheme><a:fontScheme name="Office"><a:majorFont><a:latin typeface="Cambria"/><a:ea typeface=""/><a:cs typeface=""/><a:font script="Jpan" typeface="ＭＳ ゴシック"/><a:font script="Hang" typeface="맑은 고딕"/><a:font script="Hans" typeface="宋体"/><a:font script="Hant" typeface="新細明體"/><a:font script="Arab" typeface="Times New Roman"/><a:font script="Hebr" typeface="Times New Roman"/><a:font script="Thai" typeface="Angsana New"/><a:font script="Ethi" typeface="Nyala"/><a:font script="Beng" typeface="Vrinda"/><a:font script="Gujr" typeface="Shruti"/><a:font script="Khmr" typeface="MoolBoran"/><a:font script="Knda" typeface="Tunga"/><a:font script="Guru" typeface="Raavi"/><a:font script="Cans" typeface="Euphemia"/><a:font script="Cher" typeface="Plantagenet Cherokee"/><a:font script="Yiii" typeface="Microsoft Yi Baiti"/><a:font script="Tibt" typeface="Microsoft Himalaya"/><a:font script="Thaa" typeface="MV Boli"/><a:font script="Deva" typeface="Mangal"/><a:font script="Telu" typeface="Gautami"/><a:font script="Taml" typeface="Latha"/><a:font script="Syrc" typeface="Estrangelo Edessa"/><a:font script="Orya" typeface="Kalinga"/><a:font script="Mlym" typeface="Kartika"/><a:font script="Laoo" typeface="DokChampa"/><a:font script="Sinh" typeface="Iskoola Pota"/><a:font script="Mong" typeface="Mongolian Baiti"/><a:font script="Viet" typeface="Times New Roman"/><a:font script="Uigh" typeface="Microsoft Uighur"/></a:majorFont><a:minorFont><a:latin typeface="Calibri"/><a:ea typeface=""/><a:cs typeface=""/><a:font script="Jpan" typeface="ＭＳ 明朝"/><a:font script="Hang" typeface="맑은 고딕"/><a:font script="Hans" typeface="宋体"/><a:font script="Hant" typeface="新細明體"/><a:font script="Arab" typeface="Arial"/><a:font script="Hebr" typeface="Arial"/><a:font script="Thai" typeface="Cordia New"/><a:font script="Ethi" typeface="Nyala"/><a:font script="Beng" typeface="Vrinda"/><a:font script="Gujr" typeface="Shruti"/><a:font script="Khmr" typeface="DaunPenh"/><a:font script="Knda" typeface="Tunga"/><a:font script="Guru" typeface="Raavi"/><a:font script="Cans" typeface="Euphemia"/><a:font script="Cher" typeface="Plantagenet Cherokee"/><a:font script="Yiii" typeface="Microsoft Yi Baiti"/><a:font script="Tibt" typeface="Microsoft Himalaya"/><a:font script="Thaa" typeface="MV Boli"/><a:font script="Deva" typeface="Mangal"/><a:font script="Telu" typeface="Gautami"/><a:font script="Taml" typeface="Latha"/><a:font script="Syrc" typeface="Estrangelo Edessa"/><a:font script="Orya" typeface="Kalinga"/><a:font script="Mlym" typeface="Kartika"/><a:font script="Laoo" typeface="DokChampa"/><a:font script="Sinh" typeface="Iskoola Pota"/><a:font script="Mong" typeface="Mongolian Baiti"/><a:font script="Viet" typeface="Arial"/><a:font script="Uigh" typeface="Microsoft Uighur"/></a:minorFont></a:fontScheme><a:fmtScheme name="Office"><a:fillStyleLst><a:solidFill><a:schemeClr val="phClr"/></a:solidFill><a:gradFill rotWithShape="1"><a:gsLst><a:gs pos="0"><a:schemeClr val="phClr"><a:tint val="50000"/><a:satMod val="300000"/></a:schemeClr></a:gs><a:gs pos="35000"><a:schemeClr val="phClr"><a:tint val="37000"/><a:satMod val="300000"/></a:schemeClr></a:gs><a:gs pos="100000"><a:schemeClr val="phClr"><a:tint val="15000"/><a:satMod val="350000"/></a:schemeClr></a:gs></a:gsLst><a:lin ang="16200000" scaled="1"/></a:gradFill><a:gradFill rotWithShape="1"><a:gsLst><a:gs pos="0"><a:schemeClr val="phClr"><a:shade val="51000"/><a:satMod val="130000"/></a:schemeClr></a:gs><a:gs pos="80000"><a:schemeClr val="phClr"><a:shade val="93000"/><a:satMod val="130000"/></a:schemeClr></a:gs><a:gs pos="100000"><a:schemeClr val="phClr"><a:shade val="94000"/><a:satMod val="135000"/></a:schemeClr></a:gs></a:gsLst><a:lin ang="16200000" scaled="0"/></a:gradFill></a:fillStyleLst><a:lnStyleLst><a:ln w="9525" cap="flat" cmpd="sng" algn="ctr"><a:solidFill><a:schemeClr val="phClr"><a:shade val="95000"/><a:satMod val="105000"/></a:schemeClr></a:solidFill><a:prstDash val="solid"/></a:ln><a:ln w="25400" cap="flat" cmpd="sng" algn="ctr"><a:solidFill><a:schemeClr val="phClr"/></a:solidFill><a:prstDash val="solid"/></a:ln><a:ln w="38100" cap="flat" cmpd="sng" algn="ctr"><a:solidFill><a:schemeClr val="phClr"/></a:solidFill><a:prstDash val="solid"/></a:ln></a:lnStyleLst><a:effectStyleLst><a:effectStyle><a:effectLst><a:outerShdw blurRad="40000" dist="20000" dir="5400000" rotWithShape="0"><a:srgbClr val="000000"><a:alpha val="38000"/></a:srgbClr></a:outerShdw></a:effectLst></a:effectStyle><a:effectStyle><a:effectLst><a:outerShdw blurRad="40000" dist="23000" dir="5400000" rotWithShape="0"><a:srgbClr val="000000"><a:alpha val="35000"/></a:srgbClr></a:outerShdw></a:effectLst></a:effectStyle><a:effectStyle><a:effectLst><a:outerShdw blurRad="40000" dist="23000" dir="5400000" rotWithShape="0"><a:srgbClr val="000000"><a:alpha val="35000"/></a:srgbClr></a:outerShdw></a:effectLst><a:scene3d><a:camera prst="orthographicFront"><a:rot lat="0" lon="0" rev="0"/></a:camera><a:lightRig rig="threePt" dir="t"><a:rot lat="0" lon="0" rev="1200000"/></a:lightRig></a:scene3d><a:sp3d><a:bevelT w="63500" h="25400"/></a:sp3d></a:effectStyle></a:effectStyleLst><a:bgFillStyleLst><a:solidFill><a:schemeClr val="phClr"/></a:solidFill><a:gradFill rotWithShape="1"><a:gsLst><a:gs pos="0"><a:schemeClr val="phClr"><a:tint val="40000"/><a:satMod val="350000"/></a:schemeClr></a:gs><a:gs pos="40000"><a:schemeClr val="phClr"><a:tint val="45000"/><a:shade val="99000"/><a:satMod val="350000"/></a:schemeClr></a:gs><a:gs pos="100000"><a:schemeClr val="phClr"><a:shade val="20000"/><a:satMod val="255000"/></a:schemeClr></a:gs></a:gsLst><a:path path="circle"><a:fillToRect l="50000" t="-80000" r="50000" b="180000"/></a:path></a:gradFill><a:gradFill rotWithShape="1"><a:gsLst><a:gs pos="0"><a:schemeClr val="phClr"><a:tint val="80000"/><a:satMod val="300000"/></a:schemeClr></a:gs><a:gs pos="100000"><a:schemeClr val="phClr"><a:shade val="30000"/><a:satMod val="200000"/></a:schemeClr></a:gs></a:gsLst><a:path path="circle"><a:fillToRect l="50000" t="50000" r="50000" b="50000"/></a:path></a:gradFill></a:bgFillStyleLst></a:fmtScheme></a:themeElements><a:objectDefaults/><a:extraClrSchemeLst/></a:theme></pkg:xmlData></pkg:part><pkg:part pkg:name="/word/settings.xml" pkg:contentType="application/vnd.openxmlformats-officedocument.wordprocessingml.settings+xml"><pkg:xmlData><w:settings xmlns:o="urn:schemas-microsoft-com:office:office" xmlns:r="http://schemas.openxmlformats.org/officeDocument/2006/relationships" xmlns:m="http://schemas.openxmlformats.org/officeDocument/2006/math" xmlns:v="urn:schemas-microsoft-com:vml" xmlns:w10="urn:schemas-microsoft-com:office:word" xmlns:w="http://schemas.openxmlformats.org/wordprocessingml/2006/main" xmlns:sl="http://schemas.openxmlformats.org/schemaLibrary/2006/main"><w:zoom w:percent="100"/><w:defaultTabStop w:val="708"/><w:hyphenationZone w:val="425"/><w:characterSpacingControl w:val="doNotCompress"/><w:hdrShapeDefaults><o:shapedefaults v:ext="edit" spidmax="19458"/></w:hdrShapeDefaults><w:footnotePr><w:footnote w:id="0"/><w:footnote w:id="1"/></w:footnotePr><w:endnotePr><w:endnote w:id="0"/><w:endnote w:id="1"/></w:endnotePr><w:compat/><w:rsids><w:rsidRoot w:val="00AB3822"/><w:rsid w:val="00073ADD"/><w:rsid w:val="00134F39"/><w:rsid w:val="002103F7"/><w:rsid w:val="00382E51"/><w:rsid w:val="00516633"/><w:rsid w:val="006E0927"/><w:rsid w:val="007673B9"/><w:rsid w:val="00785375"/><w:rsid w:val="00804B26"/><w:rsid w:val="008301B9"/><w:rsid w:val="009049E2"/><w:rsid w:val="00996B77"/><w:rsid w:val="00A75558"/><w:rsid w:val="00AB3822"/><w:rsid w:val="00AC7B40"/><w:rsid w:val="00C03492"/><w:rsid w:val="00CE118F"/><w:rsid w:val="00DA71C5"/><w:rsid w:val="00DB5729"/><w:rsid w:val="00EC3EB5"/><w:rsid w:val="00FE0EF0"/></w:rsids><m:mathPr><m:mathFont m:val="Cambria Math"/><m:brkBin m:val="before"/><m:brkBinSub m:val="--"/><m:smallFrac m:val="off"/><m:dispDef/><m:lMargin m:val="0"/><m:rMargin m:val="0"/><m:defJc m:val="centerGroup"/><m:wrapIndent m:val="1440"/><m:intLim m:val="subSup"/><m:naryLim m:val="undOvr"/></m:mathPr><w:themeFontLang w:val="en-US"/><w:clrSchemeMapping w:bg1="light1" w:t1="dark1" w:bg2="light2" w:t2="dark2" w:accent1="accent1" w:accent2="accent2" w:accent3="accent3" w:accent4="accent4" w:accent5="accent5" w:accent6="accent6" w:hyperlink="hyperlink" w:followedHyperlink="followedHyperlink"/><w:shapeDefaults><o:shapedefaults v:ext="edit" spidmax="19458"/><o:shapelayout v:ext="edit"><o:idmap v:ext="edit" data="1"/></o:shapelayout></w:shapeDefaults><w:decimalSymbol w:val="."/><w:listSeparator w:val=","/></w:settings></pkg:xmlData></pkg:part><pkg:part pkg:name="/word/webSettings.xml" pkg:contentType="application/vnd.openxmlformats-officedocument.wordprocessingml.webSettings+xml"><pkg:xmlData><w:webSettings xmlns:r="http://schemas.openxmlformats.org/officeDocument/2006/relationships" xmlns:w="http://schemas.openxmlformats.org/wordprocessingml/2006/main"><w:optimizeForBrowser/><w:relyOnVML/><w:allowPNG/></w:webSettings></pkg:xmlData></pkg:part><pkg:part pkg:name="/word/styles.xml" pkg:contentType="application/vnd.openxmlformats-officedocument.wordprocessingml.styles+xml"><pkg:xmlData><w:styles xmlns:r="http://schemas.openxmlformats.org/officeDocument/2006/relationships" xmlns:w="http://schemas.openxmlformats.org/wordprocessingml/2006/main"><w:docDefaults><w:rPrDefault><w:rPr><w:rFonts w:ascii="Times New Roman" w:eastAsia="Times New Roman" w:hAnsi="Times New Roman" w:cs="Times New Roman"/><w:lang w:val="en-US" w:eastAsia="en-US" w:bidi="ar-SA"/></w:rPr></w:rPrDefault><w:pPrDefault><w:pPr><w:spacing w:after="200" w:line="276" w:lineRule="auto"/></w:pPr></w:pPrDefault></w:docDefaults><w:latentStyles w:defLockedState="0" w:defUIPriority="99" w:defSemiHidden="1" w:defUnhideWhenUsed="1" w:defQFormat="0" w:count="267"><w:lsdException w:name="Normal" w:semiHidden="0" w:uiPriority="0" w:unhideWhenUsed="0" w:qFormat="1"/><w:lsdException w:name="heading 1" w:semiHidden="0" w:uiPriority="9" w:unhideWhenUsed="0" w:qFormat="1"/><w:lsdException w:name="heading 2" w:uiPriority="9" w:qFormat="1"/><w:lsdException w:name="heading 3" w:uiPriority="9" w:qFormat="1"/><w:lsdException w:name="heading 4" w:uiPriority="9" w:qFormat="1"/><w:lsdException w:name="heading 5" w:uiPriority="9" w:qFormat="1"/><w:lsdException w:name="heading 6" w:uiPriority="9" w:qFormat="1"/><w:lsdException w:name="heading 7" w:uiPriority="9" w:qFormat="1"/><w:lsdException w:name="heading 8" w:uiPriority="9" w:qFormat="1"/><w:lsdException w:name="heading 9" w:uiPriority="9" w:qFormat="1"/><w:lsdException w:name="toc 1" w:uiPriority="39"/><w:lsdException w:name="toc 2" w:uiPriority="39"/><w:lsdException w:name="toc 3" w:uiPriority="39"/><w:lsdException w:name="toc 4" w:uiPriority="39"/><w:lsdException w:name="toc 5" w:uiPriority="39"/><w:lsdException w:name="toc 6" w:uiPriority="39"/><w:lsdException w:name="toc 7" w:uiPriority="39"/><w:lsdException w:name="toc 8" w:uiPriority="39"/><w:lsdException w:name="toc 9" w:uiPriority="39"/><w:lsdException w:name="caption" w:uiPriority="35" w:qFormat="1"/><w:lsdException w:name="Title" w:semiHidden="0" w:uiPriority="10" w:unhideWhenUsed="0" w:qFormat="1"/><w:lsdException w:name="Default Paragraph Font" w:uiPriority="1"/><w:lsdException w:name="Subtitle" w:semiHidden="0" w:uiPriority="11" w:unhideWhenUsed="0" w:qFormat="1"/><w:lsdException w:name="Strong" w:semiHidden="0" w:uiPriority="22" w:unhideWhenUsed="0" w:qFormat="1"/><w:lsdException w:name="Emphasis" w:semiHidden="0" w:uiPriority="20" w:unhideWhenUsed="0" w:qFormat="1"/><w:lsdException w:name="Table Grid" w:semiHidden="0" w:uiPriority="59" w:unhideWhenUsed="0"/><w:lsdException w:name="Placeholder Text" w:unhideWhenUsed="0"/><w:lsdException w:name="No Spacing" w:semiHidden="0" w:uiPriority="1" w:unhideWhenUsed="0" w:qFormat="1"/><w:lsdException w:name="Light Shading" w:semiHidden="0" w:uiPriority="60" w:unhideWhenUsed="0"/><w:lsdException w:name="Light List" w:semiHidden="0" w:uiPriority="61" w:unhideWhenUsed="0"/><w:lsdException w:name="Light Grid" w:semiHidden="0" w:uiPriority="62" w:unhideWhenUsed="0"/><w:lsdException w:name="Medium Shading 1" w:semiHidden="0" w:uiPriority="63" w:unhideWhenUsed="0"/><w:lsdException w:name="Medium Shading 2" w:semiHidden="0" w:uiPriority="64" w:unhideWhenUsed="0"/><w:lsdException w:name="Medium List 1" w:semiHidden="0" w:uiPriority="65" w:unhideWhenUsed="0"/><w:lsdException w:name="Medium List 2" w:semiHidden="0" w:uiPriority="66" w:unhideWhenUsed="0"/><w:lsdException w:name="Medium Grid 1" w:semiHidden="0" w:uiPriority="67" w:unhideWhenUsed="0"/><w:lsdException w:name="Medium Grid 2" w:semiHidden="0" w:uiPriority="68" w:unhideWhenUsed="0"/><w:lsdException w:name="Medium Grid 3" w:semiHidden="0" w:uiPriority="69" w:unhideWhenUsed="0"/><w:lsdException w:name="Dark List" w:semiHidden="0" w:uiPriority="70" w:unhideWhenUsed="0"/><w:lsdException w:name="Colorful Shading" w:semiHidden="0" w:uiPriority="71" w:unhideWhenUsed="0"/><w:lsdException w:name="Colorful List" w:semiHidden="0" w:uiPriority="72" w:unhideWhenUsed="0"/><w:lsdException w:name="Colorful Grid" w:semiHidden="0" w:uiPriority="73" w:unhideWhenUsed="0"/><w:lsdException w:name="Light Shading Accent 1" w:semiHidden="0" w:uiPriority="60" w:unhideWhenUsed="0"/><w:lsdException w:name="Light List Accent 1" w:semiHidden="0" w:uiPriority="61" w:unhideWhenUsed="0"/><w:lsdException w:name="Light Grid Accent 1" w:semiHidden="0" w:uiPriority="62" w:unhideWhenUsed="0"/><w:lsdException w:name="Medium Shading 1 Accent 1" w:semiHidden="0" w:uiPriority="63" w:unhideWhenUsed="0"/><w:lsdException w:name="Medium Shading 2 Accent 1" w:semiHidden="0" w:uiPriority="64" w:unhideWhenUsed="0"/><w:lsdException w:name="Medium List 1 Accent 1" w:semiHidden="0" w:uiPriority="65" w:unhideWhenUsed="0"/><w:lsdException w:name="Revision" w:unhideWhenUsed="0"/><w:lsdException w:name="List Paragraph" w:semiHidden="0" w:uiPriority="34" w:unhideWhenUsed="0" w:qFormat="1"/><w:lsdException w:name="Quote" w:semiHidden="0" w:uiPriority="29" w:unhideWhenUsed="0" w:qFormat="1"/><w:lsdException w:name="Intense Quote" w:semiHidden="0" w:uiPriority="30" w:unhideWhenUsed="0" w:qFormat="1"/><w:lsdException w:name="Medium List 2 Accent 1" w:semiHidden="0" w:uiPriority="66" w:unhideWhenUsed="0"/><w:lsdException w:name="Medium Grid 1 Accent 1" w:semiHidden="0" w:uiPriority="67" w:unhideWhenUsed="0"/><w:lsdException w:name="Medium Grid 2 Accent 1" w:semiHidden="0" w:uiPriority="68" w:unhideWhenUsed="0"/><w:lsdException w:name="Medium Grid 3 Accent 1" w:semiHidden="0" w:uiPriority="69" w:unhideWhenUsed="0"/><w:lsdException w:name="Dark List Accent 1" w:semiHidden="0" w:uiPriority="70" w:unhideWhenUsed="0"/><w:lsdException w:name="Colorful Shading Accent 1" w:semiHidden="0" w:uiPriority="71" w:unhideWhenUsed="0"/><w:lsdException w:name="Colorful List Accent 1" w:semiHidden="0" w:uiPriority="72" w:unhideWhenUsed="0"/><w:lsdException w:name="Colorful Grid Accent 1" w:semiHidden="0" w:uiPriority="73" w:unhideWhenUsed="0"/><w:lsdException w:name="Light Shading Accent 2" w:semiHidden="0" w:uiPriority="60" w:unhideWhenUsed="0"/><w:lsdException w:name="Light List Accent 2" w:semiHidden="0" w:uiPriority="61" w:unhideWhenUsed="0"/><w:lsdException w:name="Light Grid Accent 2" w:semiHidden="0" w:uiPriority="62" w:unhideWhenUsed="0"/><w:lsdException w:name="Medium Shading 1 Accent 2" w:semiHidden="0" w:uiPriority="63" w:unhideWhenUsed="0"/><w:lsdException w:name="Medium Shading 2 Accent 2" w:semiHidden="0" w:uiPriority="64" w:unhideWhenUsed="0"/><w:lsdException w:name="Medium List 1 Accent 2" w:semiHidden="0" w:uiPriority="65" w:unhideWhenUsed="0"/><w:lsdException w:name="Medium List 2 Accent 2" w:semiHidden="0" w:uiPriority="66" w:unhideWhenUsed="0"/><w:lsdException w:name="Medium Grid 1 Accent 2" w:semiHidden="0" w:uiPriority="67" w:unhideWhenUsed="0"/><w:lsdException w:name="Medium Grid 2 Accent 2" w:semiHidden="0" w:uiPriority="68" w:unhideWhenUsed="0"/><w:lsdException w:name="Medium Grid 3 Accent 2" w:semiHidden="0" w:uiPriority="69" w:unhideWhenUsed="0"/><w:lsdException w:name="Dark List Accent 2" w:semiHidden="0" w:uiPriority="70" w:unhideWhenUsed="0"/><w:lsdException w:name="Colorful Shading Accent 2" w:semiHidden="0" w:uiPriority="71" w:unhideWhenUsed="0"/><w:lsdException w:name="Colorful List Accent 2" w:semiHidden="0" w:uiPriority="72" w:unhideWhenUsed="0"/><w:lsdException w:name="Colorful Grid Accent 2" w:semiHidden="0" w:uiPriority="73" w:unhideWhenUsed="0"/><w:lsdException w:name="Light Shading Accent 3" w:semiHidden="0" w:uiPriority="60" w:unhideWhenUsed="0"/><w:lsdException w:name="Light List Accent 3" w:semiHidden="0" w:uiPriority="61" w:unhideWhenUsed="0"/><w:lsdException w:name="Light Grid Accent 3" w:semiHidden="0" w:uiPriority="62" w:unhideWhenUsed="0"/><w:lsdException w:name="Medium Shading 1 Accent 3" w:semiHidden="0" w:uiPriority="63" w:unhideWhenUsed="0"/><w:lsdException w:name="Medium Shading 2 Accent 3" w:semiHidden="0" w:uiPriority="64" w:unhideWhenUsed="0"/><w:lsdException w:name="Medium List 1 Accent 3" w:semiHidden="0" w:uiPriority="65" w:unhideWhenUsed="0"/><w:lsdException w:name="Medium List 2 Accent 3" w:semiHidden="0" w:uiPriority="66" w:unhideWhenUsed="0"/><w:lsdException w:name="Medium Grid 1 Accent 3" w:semiHidden="0" w:uiPriority="67" w:unhideWhenUsed="0"/><w:lsdException w:name="Medium Grid 2 Accent 3" w:semiHidden="0" w:uiPriority="68" w:unhideWhenUsed="0"/><w:lsdException w:name="Medium Grid 3 Accent 3" w:semiHidden="0" w:uiPriority="69" w:unhideWhenUsed="0"/><w:lsdException w:name="Dark List Accent 3" w:semiHidden="0" w:uiPriority="70" w:unhideWhenUsed="0"/><w:lsdException w:name="Colorful Shading Accent 3" w:semiHidden="0" w:uiPriority="71" w:unhideWhenUsed="0"/><w:lsdException w:name="Colorful List Accent 3" w:semiHidden="0" w:uiPriority="72" w:unhideWhenUsed="0"/><w:lsdException w:name="Colorful Grid Accent 3" w:semiHidden="0" w:uiPriority="73" w:unhideWhenUsed="0"/><w:lsdException w:name="Light Shading Accent 4" w:semiHidden="0" w:uiPriority="60" w:unhideWhenUsed="0"/><w:lsdException w:name="Light List Accent 4" w:semiHidden="0" w:uiPriority="61" w:unhideWhenUsed="0"/><w:lsdException w:name="Light Grid Accent 4" w:semiHidden="0" w:uiPriority="62" w:unhideWhenUsed="0"/><w:lsdException w:name="Medium Shading 1 Accent 4" w:semiHidden="0" w:uiPriority="63" w:unhideWhenUsed="0"/><w:lsdException w:name="Medium Shading 2 Accent 4" w:semiHidden="0" w:uiPriority="64" w:unhideWhenUsed="0"/><w:lsdException w:name="Medium List 1 Accent 4" w:semiHidden="0" w:uiPriority="65" w:unhideWhenUsed="0"/><w:lsdException w:name="Medium List 2 Accent 4" w:semiHidden="0" w:uiPriority="66" w:unhideWhenUsed="0"/><w:lsdException w:name="Medium Grid 1 Accent 4" w:semiHidden="0" w:uiPriority="67" w:unhideWhenUsed="0"/><w:lsdException w:name="Medium Grid 2 Accent 4" w:semiHidden="0" w:uiPriority="68" w:unhideWhenUsed="0"/><w:lsdException w:name="Medium Grid 3 Accent 4" w:semiHidden="0" w:uiPriority="69" w:unhideWhenUsed="0"/><w:lsdException w:name="Dark List Accent 4" w:semiHidden="0" w:uiPriority="70" w:unhideWhenUsed="0"/><w:lsdException w:name="Colorful Shading Accent 4" w:semiHidden="0" w:uiPriority="71" w:unhideWhenUsed="0"/><w:lsdException w:name="Colorful List Accent 4" w:semiHidden="0" w:uiPriority="72" w:unhideWhenUsed="0"/><w:lsdException w:name="Colorful Grid Accent 4" w:semiHidden="0" w:uiPriority="73" w:unhideWhenUsed="0"/><w:lsdException w:name="Light Shading Accent 5" w:semiHidden="0" w:uiPriority="60" w:unhideWhenUsed="0"/><w:lsdException w:name="Light List Accent 5" w:semiHidden="0" w:uiPriority="61" w:unhideWhenUsed="0"/><w:lsdException w:name="Light Grid Accent 5" w:semiHidden="0" w:uiPriority="62" w:unhideWhenUsed="0"/><w:lsdException w:name="Medium Shading 1 Accent 5" w:semiHidden="0" w:uiPriority="63" w:unhideWhenUsed="0"/><w:lsdException w:name="Medium Shading 2 Accent 5" w:semiHidden="0" w:uiPriority="64" w:unhideWhenUsed="0"/><w:lsdException w:name="Medium List 1 Accent 5" w:semiHidden="0" w:uiPriority="65" w:unhideWhenUsed="0"/><w:lsdException w:name="Medium List 2 Accent 5" w:semiHidden="0" w:uiPriority="66" w:unhideWhenUsed="0"/><w:lsdException w:name="Medium Grid 1 Accent 5" w:semiHidden="0" w:uiPriority="67" w:unhideWhenUsed="0"/><w:lsdException w:name="Medium Grid 2 Accent 5" w:semiHidden="0" w:uiPriority="68" w:unhideWhenUsed="0"/><w:lsdException w:name="Medium Grid 3 Accent 5" w:semiHidden="0" w:uiPriority="69" w:unhideWhenUsed="0"/><w:lsdException w:name="Dark List Accent 5" w:semiHidden="0" w:uiPriority="70" w:unhideWhenUsed="0"/><w:lsdException w:name="Colorful Shading Accent 5" w:semiHidden="0" w:uiPriority="71" w:unhideWhenUsed="0"/><w:lsdException w:name="Colorful List Accent 5" w:semiHidden="0" w:uiPriority="72" w:unhideWhenUsed="0"/><w:lsdException w:name="Colorful Grid Accent 5" w:semiHidden="0" w:uiPriority="73" w:unhideWhenUsed="0"/><w:lsdException w:name="Light Shading Accent 6" w:semiHidden="0" w:uiPriority="60" w:unhideWhenUsed="0"/><w:lsdException w:name="Light List Accent 6" w:semiHidden="0" w:uiPriority="61" w:unhideWhenUsed="0"/><w:lsdException w:name="Light Grid Accent 6" w:semiHidden="0" w:uiPriority="62" w:unhideWhenUsed="0"/><w:lsdException w:name="Medium Shading 1 Accent 6" w:semiHidden="0" w:uiPriority="63" w:unhideWhenUsed="0"/><w:lsdException w:name="Medium Shading 2 Accent 6" w:semiHidden="0" w:uiPriority="64" w:unhideWhenUsed="0"/><w:lsdException w:name="Medium List 1 Accent 6" w:semiHidden="0" w:uiPriority="65" w:unhideWhenUsed="0"/><w:lsdException w:name="Medium List 2 Accent 6" w:semiHidden="0" w:uiPriority="66" w:unhideWhenUsed="0"/><w:lsdException w:name="Medium Grid 1 Accent 6" w:semiHidden="0" w:uiPriority="67" w:unhideWhenUsed="0"/><w:lsdException w:name="Medium Grid 2 Accent 6" w:semiHidden="0" w:uiPriority="68" w:unhideWhenUsed="0"/><w:lsdException w:name="Medium Grid 3 Accent 6" w:semiHidden="0" w:uiPriority="69" w:unhideWhenUsed="0"/><w:lsdException w:name="Dark List Accent 6" w:semiHidden="0" w:uiPriority="70" w:unhideWhenUsed="0"/><w:lsdException w:name="Colorful Shading Accent 6" w:semiHidden="0" w:uiPriority="71" w:unhideWhenUsed="0"/><w:lsdException w:name="Colorful List Accent 6" w:semiHidden="0" w:uiPriority="72" w:unhideWhenUsed="0"/><w:lsdException w:name="Colorful Grid Accent 6" w:semiHidden="0" w:uiPriority="73" w:unhideWhenUsed="0"/><w:lsdException w:name="Subtle Emphasis" w:semiHidden="0" w:uiPriority="19" w:unhideWhenUsed="0" w:qFormat="1"/><w:lsdException w:name="Intense Emphasis" w:semiHidden="0" w:uiPriority="21" w:unhideWhenUsed="0" w:qFormat="1"/><w:lsdException w:name="Subtle Reference" w:semiHidden="0" w:uiPriority="31" w:unhideWhenUsed="0" w:qFormat="1"/><w:lsdException w:name="Intense Reference" w:semiHidden="0" w:uiPriority="32" w:unhideWhenUsed="0" w:qFormat="1"/><w:lsdException w:name="Book Title" w:semiHidden="0" w:uiPriority="33" w:unhideWhenUsed="0" w:qFormat="1"/><w:lsdException w:name="Bibliography" w:uiPriority="37"/><w:lsdException w:name="TOC Heading" w:uiPriority="39" w:qFormat="1"/></w:latentStyles><w:style w:type="paragraph" w:default="1" w:styleId="a"><w:name w:val="Normal"/><w:rsid w:val="00AB3822"/></w:style><w:style w:type="paragraph" w:styleId="1"><w:name w:val="heading 1"/><w:basedOn w:val="a"/><w:rsid w:val="00AB3822"/><w:pPr><w:keepNext/><w:spacing w:before="240" w:after="60"/><w:outlineLvl w:val="0"/></w:pPr><w:rPr><w:rFonts w:ascii="Cambria" w:eastAsia="Cambria" w:hAnsi="Cambria" w:cs="Cambria"/><w:b/><w:bCs/><w:sz w:val="32"/><w:szCs w:val="32"/></w:rPr></w:style><w:style w:type="paragraph" w:styleId="9"><w:name w:val="heading 9"/><w:basedOn w:val="a"/><w:rsid w:val="00AB3822"/><w:pPr><w:keepNext/><w:outlineLvl w:val="8"/></w:pPr><w:rPr><w:sz w:val="28"/><w:szCs w:val="28"/></w:rPr></w:style><w:style w:type="character" w:default="1" w:styleId="a0"><w:name w:val="Default Paragraph Font"/><w:uiPriority w:val="1"/><w:semiHidden/><w:unhideWhenUsed/></w:style><w:style w:type="table" w:default="1" w:styleId="a1"><w:name w:val="Normal Table"/><w:uiPriority w:val="99"/><w:semiHidden/><w:unhideWhenUsed/><w:qFormat/><w:tblPr><w:tblInd w:w="0" w:type="dxa"/><w:tblCellMar><w:top w:w="0" w:type="dxa"/><w:left w:w="108" w:type="dxa"/><w:bottom w:w="0" w:type="dxa"/><w:right w:w="108" w:type="dxa"/></w:tblCellMar></w:tblPr></w:style><w:style w:type="numbering" w:default="1" w:styleId="a2"><w:name w:val="No List"/><w:uiPriority w:val="99"/><w:semiHidden/><w:unhideWhenUsed/></w:style><w:style w:type="character" w:customStyle="1" w:styleId="FootnoteReference"><w:name w:val="Footnote Reference"/><w:semiHidden/><w:unhideWhenUsed/><w:rsid w:val="00AB3822"/><w:rPr><w:vertAlign w:val="superscript"/></w:rPr></w:style><w:style w:type="table" w:customStyle="1" w:styleId="10"><w:name w:val="Обычная таблица1"/><w:uiPriority w:val="99"/><w:rsid w:val="00AB3822"/><w:tblPr><w:tblInd w:w="0" w:type="dxa"/><w:tblCellMar><w:top w:w="0" w:type="dxa"/><w:left w:w="108" w:type="dxa"/><w:bottom w:w="0" w:type="dxa"/><w:right w:w="108" w:type="dxa"/></w:tblCellMar></w:tblPr></w:style><w:style w:type="character" w:customStyle="1" w:styleId="FootnoteReference0"><w:name w:val="Footnote Reference"/><w:rsid w:val="00AB3822"/><w:rPr><w:vertAlign w:val="superscript"/></w:rPr></w:style><w:style w:type="table" w:customStyle="1" w:styleId="11"><w:name w:val="Обычная таблица1"/><w:uiPriority w:val="99"/><w:rsid w:val="00AB3822"/><w:tblPr><w:tblInd w:w="0" w:type="dxa"/><w:tblCellMar><w:top w:w="0" w:type="dxa"/><w:left w:w="108" w:type="dxa"/><w:bottom w:w="0" w:type="dxa"/><w:right w:w="108" w:type="dxa"/></w:tblCellMar></w:tblPr></w:style><w:style w:type="character" w:customStyle="1" w:styleId="12"><w:name w:val="Верхний колонтитул1"/><w:rsid w:val="00AB3822"/><w:rPr><w:sz w:val="24"/><w:szCs w:val="24"/></w:rPr></w:style><w:style w:type="character" w:customStyle="1" w:styleId="13"><w:name w:val="Нижний колонтитул1"/><w:rsid w:val="00AB3822"/><w:rPr><w:sz w:val="24"/><w:szCs w:val="24"/></w:rPr></w:style><w:style w:type="paragraph" w:styleId="a3"><w:name w:val="Title"/><w:basedOn w:val="a"/><w:rsid w:val="00AB3822"/><w:pPr><w:jc w:val="center"/></w:pPr><w:rPr><w:sz w:val="28"/><w:szCs w:val="28"/></w:rPr></w:style><w:style w:type="character" w:customStyle="1" w:styleId="14"><w:name w:val="Основной текст с отступом1"/><w:rsid w:val="00AB3822"/><w:rPr><w:sz w:val="28"/><w:szCs w:val="28"/></w:rPr></w:style><w:style w:type="character" w:customStyle="1" w:styleId="15"><w:name w:val="Текст выноски1"/><w:rsid w:val="00AB3822"/><w:rPr><w:rFonts w:ascii="Tahoma" w:eastAsia="Tahoma" w:hAnsi="Tahoma" w:cs="Tahoma"/><w:sz w:val="16"/><w:szCs w:val="16"/></w:rPr></w:style><w:style w:type="character" w:customStyle="1" w:styleId="a4"><w:name w:val="Текст выноски Знак"/><w:rsid w:val="00AB3822"/><w:rPr><w:rFonts w:ascii="Tahoma" w:eastAsia="Tahoma" w:hAnsi="Tahoma" w:cs="Tahoma"/><w:sz w:val="16"/><w:szCs w:val="16"/></w:rPr></w:style><w:style w:type="character" w:customStyle="1" w:styleId="a5"><w:name w:val="Основной текст с отступом Знак"/><w:rsid w:val="00AB3822"/><w:rPr><w:sz w:val="28"/><w:szCs w:val="28"/></w:rPr></w:style><w:style w:type="character" w:customStyle="1" w:styleId="90"><w:name w:val="Заголовок 9 Знак"/><w:rsid w:val="00AB3822"/><w:rPr><w:sz w:val="28"/><w:szCs w:val="28"/></w:rPr></w:style><w:style w:type="character" w:customStyle="1" w:styleId="16"><w:name w:val="Без интервала1"/><w:rsid w:val="00AB3822"/><w:rPr><w:rFonts w:ascii="Calibri" w:eastAsia="Calibri" w:hAnsi="Calibri" w:cs="Calibri"/><w:sz w:val="24"/><w:szCs w:val="24"/></w:rPr></w:style><w:style w:type="character" w:customStyle="1" w:styleId="17"><w:name w:val="Заголовок 1 Знак"/><w:rsid w:val="00AB3822"/><w:rPr><w:rFonts w:ascii="Cambria" w:eastAsia="Cambria" w:hAnsi="Cambria" w:cs="Cambria"/><w:b/><w:bCs/><w:sz w:val="32"/><w:szCs w:val="32"/></w:rPr></w:style><w:style w:type="character" w:customStyle="1" w:styleId="Default"><w:name w:val="Default"/><w:rsid w:val="00AB3822"/><w:rPr><w:rFonts w:ascii="Calibri" w:eastAsia="Calibri" w:hAnsi="Calibri" w:cs="Calibri"/><w:color w:val="000000"/><w:sz w:val="24"/><w:szCs w:val="24"/></w:rPr></w:style><w:style w:type="paragraph" w:styleId="a6"><w:name w:val="Normal (Web)"/><w:basedOn w:val="a"/><w:rsid w:val="00AB3822"/><w:pPr><w:spacing w:before="100" w:after="100"/></w:pPr><w:rPr><w:sz w:val="24"/><w:szCs w:val="24"/></w:rPr></w:style><w:style w:type="character" w:styleId="a7"><w:name w:val="Hyperlink"/><w:rsid w:val="00AB3822"/><w:rPr><w:color w:val="0000FF"/><w:u w:val="single"/></w:rPr></w:style><w:style w:type="character" w:customStyle="1" w:styleId="a8"><w:name w:val="Название Знак"/><w:rsid w:val="00AB3822"/><w:rPr><w:sz w:val="28"/><w:szCs w:val="28"/></w:rPr></w:style><w:style w:type="paragraph" w:customStyle="1" w:styleId="2"><w:name w:val="Верхний колонтитул2"/><w:basedOn w:val="a"/><w:rsid w:val="00AB3822"/><w:pPr><w:spacing w:after="0"/></w:pPr></w:style><w:style w:type="paragraph" w:customStyle="1" w:styleId="20"><w:name w:val="Нижний колонтитул2"/><w:basedOn w:val="a"/><w:rsid w:val="00AB3822"/><w:pPr><w:spacing w:after="0"/></w:pPr></w:style><w:style w:type="paragraph" w:styleId="a9"><w:name w:val="header"/><w:basedOn w:val="a"/><w:link w:val="aa"/><w:uiPriority w:val="99"/><w:semiHidden/><w:unhideWhenUsed/><w:rsid w:val="00785375"/><w:pPr><w:tabs><w:tab w:val="center" w:pos="4844"/><w:tab w:val="right" w:pos="9689"/></w:tabs><w:spacing w:after="0" w:line="240" w:lineRule="auto"/></w:pPr></w:style><w:style w:type="character" w:customStyle="1" w:styleId="aa"><w:name w:val="Верхний колонтитул Знак"/><w:basedOn w:val="a0"/><w:link w:val="a9"/><w:uiPriority w:val="99"/><w:semiHidden/><w:rsid w:val="00785375"/></w:style><w:style w:type="paragraph" w:styleId="ab"><w:name w:val="footer"/><w:basedOn w:val="a"/><w:link w:val="ac"/><w:uiPriority w:val="99"/><w:semiHidden/><w:unhideWhenUsed/><w:rsid w:val="00785375"/><w:pPr><w:tabs><w:tab w:val="center" w:pos="4844"/><w:tab w:val="right" w:pos="9689"/></w:tabs><w:spacing w:after="0" w:line="240" w:lineRule="auto"/></w:pPr></w:style><w:style w:type="character" w:customStyle="1" w:styleId="ac"><w:name w:val="Нижний колонтитул Знак"/><w:basedOn w:val="a0"/><w:link w:val="ab"/><w:uiPriority w:val="99"/><w:semiHidden/><w:rsid w:val="00785375"/></w:style></w:styles></pkg:xmlData></pkg:part><pkg:part pkg:name="/word/numbering.xml" pkg:contentType="application/vnd.openxmlformats-officedocument.wordprocessingml.numbering+xml"><pkg:xmlData><w:numbering xmlns:ve="http://schemas.openxmlformats.org/markup-compatibility/2006" xmlns:o="urn:schemas-microsoft-com:office:office" xmlns:r="http://schemas.openxmlformats.org/officeDocument/2006/relationships" xmlns:m="http://schemas.openxmlformats.org/officeDocument/2006/math" xmlns:v="urn:schemas-microsoft-com:vml" xmlns:wp="http://schemas.openxmlformats.org/drawingml/2006/wordprocessingDrawing" xmlns:w10="urn:schemas-microsoft-com:office:word" xmlns:w="http://schemas.openxmlformats.org/wordprocessingml/2006/main" xmlns:wne="http://schemas.microsoft.com/office/word/2006/wordml"><w:abstractNum w:abstractNumId="0"><w:nsid w:val="F76AC036"/><w:multiLevelType w:val="hybridMultilevel"/><w:tmpl w:val="C78619F0"/><w:lvl w:ilvl="0" w:tplc="681A3FA2"><w:start w:val="1"/><w:numFmt w:val="decimal"/><w:lvlText w:val="%1."/><w:lvlJc w:val="left"/><w:pPr><w:tabs><w:tab w:val="num" w:pos="0"/></w:tabs><w:ind w:left="2021" w:hanging="1170"/></w:pPr><w:rPr><w:rFonts w:hint="default"/></w:rPr></w:lvl><w:lvl w:ilvl="1" w:tplc="BDD8A2BE"><w:start w:val="1"/><w:numFmt w:val="lowerLetter"/><w:lvlText w:val="%2."/><w:lvlJc w:val="left"/><w:pPr><w:tabs><w:tab w:val="num" w:pos="0"/></w:tabs><w:ind w:left="1931" w:hanging="360"/></w:pPr></w:lvl><w:lvl w:ilvl="2" w:tplc="01F8C72A"><w:start w:val="1"/><w:numFmt w:val="lowerRoman"/><w:lvlText w:val="%3."/><w:lvlJc w:val="right"/><w:pPr><w:tabs><w:tab w:val="num" w:pos="0"/></w:tabs><w:ind w:left="2651" w:hanging="180"/></w:pPr></w:lvl><w:lvl w:ilvl="3" w:tplc="4E3CD27C"><w:start w:val="1"/><w:numFmt w:val="decimal"/><w:lvlText w:val="%4."/><w:lvlJc w:val="left"/><w:pPr><w:tabs><w:tab w:val="num" w:pos="0"/></w:tabs><w:ind w:left="3371" w:hanging="360"/></w:pPr></w:lvl><w:lvl w:ilvl="4" w:tplc="54B65D14"><w:start w:val="1"/><w:numFmt w:val="lowerLetter"/><w:lvlText w:val="%5."/><w:lvlJc w:val="left"/><w:pPr><w:tabs><w:tab w:val="num" w:pos="0"/></w:tabs><w:ind w:left="4091" w:hanging="360"/></w:pPr></w:lvl><w:lvl w:ilvl="5" w:tplc="3426DCFC"><w:start w:val="1"/><w:numFmt w:val="lowerRoman"/><w:lvlText w:val="%6."/><w:lvlJc w:val="right"/><w:pPr><w:tabs><w:tab w:val="num" w:pos="0"/></w:tabs><w:ind w:left="4811" w:hanging="180"/></w:pPr></w:lvl><w:lvl w:ilvl="6" w:tplc="3A2E4E38"><w:start w:val="1"/><w:numFmt w:val="decimal"/><w:lvlText w:val="%7."/><w:lvlJc w:val="left"/><w:pPr><w:tabs><w:tab w:val="num" w:pos="0"/></w:tabs><w:ind w:left="5531" w:hanging="360"/></w:pPr></w:lvl><w:lvl w:ilvl="7" w:tplc="3AA095B2"><w:start w:val="1"/><w:numFmt w:val="lowerLetter"/><w:lvlText w:val="%8."/><w:lvlJc w:val="left"/><w:pPr><w:tabs><w:tab w:val="num" w:pos="0"/></w:tabs><w:ind w:left="6251" w:hanging="360"/></w:pPr></w:lvl><w:lvl w:ilvl="8" w:tplc="797E4116"><w:start w:val="1"/><w:numFmt w:val="lowerRoman"/><w:lvlText w:val="%9."/><w:lvlJc w:val="right"/><w:pPr><w:tabs><w:tab w:val="num" w:pos="0"/></w:tabs><w:ind w:left="6971" w:hanging="180"/></w:pPr></w:lvl></w:abstractNum><w:num w:numId="1"><w:abstractNumId w:val="0"/></w:num></w:numbering></pkg:xmlData></pkg:part><pkg:part pkg:name="/docProps/core.xml" pkg:contentType="application/vnd.openxmlformats-package.core-properties+xml" pkg:padding="256"><pkg:xmlData><cp:coreProperties xmlns:cp="http://schemas.openxmlformats.org/package/2006/metadata/core-properties" xmlns:dc="http://purl.org/dc/elements/1.1/" xmlns:dcterms="http://purl.org/dc/terms/" xmlns:dcmitype="http://purl.org/dc/dcmitype/" xmlns:xsi="http://www.w3.org/2001/XMLSchema-instance"><dc:title>СОГЛАШЕНИЕ №2</dc:title><dc:creator>User</dc:creator><cp:lastModifiedBy>Admin</cp:lastModifiedBy><cp:revision>2</cp:revision><dcterms:created xsi:type="dcterms:W3CDTF">2020-09-03T08:33:00Z</dcterms:created><dcterms:modified xsi:type="dcterms:W3CDTF">2020-09-03T08:33:00Z</dcterms:modified></cp:coreProperties></pkg:xmlData></pkg:part><pkg:part pkg:name="/word/fontTable.xml" pkg:contentType="application/vnd.openxmlformats-officedocument.wordprocessingml.fontTable+xml"><pkg:xmlData><w:fonts xmlns:r="http://schemas.openxmlformats.org/officeDocument/2006/relationships" xmlns:w="http://schemas.openxmlformats.org/wordprocessingml/2006/main"><w:font w:name="Times New Roman"><w:panose1 w:val="02020603050405020304"/><w:charset w:val="CC"/><w:family w:val="roman"/><w:pitch w:val="variable"/><w:sig w:usb0="E0002EFF" w:usb1="C0007843" w:usb2="00000009" w:usb3="00000000" w:csb0="000001FF" w:csb1="00000000"/></w:font><w:font w:name="Cambria"><w:panose1 w:val="02040503050406030204"/><w:charset w:val="CC"/><w:family w:val="roman"/><w:pitch w:val="variable"/><w:sig w:usb0="E00002FF" w:usb1="400004FF" w:usb2="00000000" w:usb3="00000000" w:csb0="0000019F" w:csb1="00000000"/></w:font><w:font w:name="Tahoma"><w:panose1 w:val="020B0604030504040204"/><w:charset w:val="00"/><w:family w:val="swiss"/><w:notTrueType/><w:pitch w:val="variable"/><w:sig w:usb0="00000003" w:usb1="00000000" w:usb2="00000000" w:usb3="00000000" w:csb0="00000001" w:csb1="00000000"/></w:font><w:font w:name="Calibri"><w:panose1 w:val="020F0502020204030204"/><w:charset w:val="CC"/><w:family w:val="swiss"/><w:pitch w:val="variable"/><w:sig w:usb0="E00002FF" w:usb1="4000ACFF" w:usb2="00000001" w:usb3="00000000" w:csb0="0000019F" w:csb1="00000000"/></w:font></w:fonts></pkg:xmlData></pkg:part><pkg:part pkg:name="/docProps/app.xml" pkg:contentType="application/vnd.openxmlformats-officedocument.extended-properties+xml" pkg:padding="256"><pkg:xmlData><Properties xmlns="http://schemas.openxmlformats.org/officeDocument/2006/extended-properties" xmlns:vt="http://schemas.openxmlformats.org/officeDocument/2006/docPropsVTypes"><Template>Normal</Template><TotalTime>0</TotalTime><Pages>2</Pages><Words>337</Words><Characters>1927</Characters><Application>Microsoft Office Word</Application><DocSecurity>0</DocSecurity><Lines>16</Lines><Paragraphs>4</Paragraphs><ScaleCrop>false</ScaleCrop><Company>workgroup</Company><LinksUpToDate>false</LinksUpToDate><CharactersWithSpaces>2260</CharactersWithSpaces><SharedDoc>false</SharedDoc><HyperlinksChanged>false</HyperlinksChanged><AppVersion>12.0000</AppVersion></Properties></pkg:xmlData></pkg:part></pkg:package>